mean_x,std_x,median_x,rms_X,mean_y,std_y,median_y,rms_Y,mean_z,std_z,median_z,rms_Z,Activity
-0.7253442744455262,2.905793771698523,-0.92028625,2.991244166158448,-8.440414374368407,4.041687888410288,-9.177715,9.355899118849296,-2.0971610315913156,5.089923874604235,-2.25071955,5.498839174817632,hand_wash
-1.4464590851502583,2.0585656437387536,-1.3651611,2.513765006257341,-9.28150312185566,2.508577162068008,-9.2471705,9.613690270213437,-2.4346638868677832,3.8188339385570904,-2.41298205,4.524764587360319,hand_wash
-1.9663262715318064,2.0866363503863226,-1.84656,2.8652070176573994,-6.432285054076337,4.89260726339883,-7.838899,8.077808298805332,1.3698049272849875,6.081204609542266,0.2586621,6.226019248229883,hand_wash
-1.8298457470546434,2.304074025456825,-1.6477734,2.939899826344417,-8.59866644555172,3.6644703354256984,-9.055569,9.345040852481544,-1.6387778263315667,5.075796040279314,-2.2932312,5.3273782919335035,hand_wash
-1.9721000346069946,2.3836389657062305,-1.97888485,3.0913093901020336,-7.3914987285518094,4.657905137622721,-8.347242000000001,8.733505954851864,-0.28650577891709844,6.2569403546843265,-1.2957056,6.255394879597464,hand_wash
-2.03573491729365,2.658808297486769,-2.0315753,3.345859600477428,-6.9220024424656055,5.083788910537589,-7.432344499999999,8.584326107706723,1.6719295573730164,6.5012380828938525,1.0514136,6.704448522055247,hand_wash
-1.6281821789890643,1.5206327175258156,-1.7208215,2.22646241212899,-8.539180285413343,3.377148800777755,-9.115444,9.181084918388429,-0.8753125740386665,4.35001658062642,-1.3388159,4.431518472185771,hand_wash
-1.7371895678790135,1.8316175388755414,-1.72920415,2.5226888735364086,-8.521650116373062,3.4873015317840164,-8.708291,9.2058832706874,-1.292956868462435,4.702889028856657,-1.85793645,4.871509450463801,hand_wash
-1.7797765967172876,3.2081356039605446,-1.71543265,3.665019248335721,-8.333839914601059,3.433406254359756,-8.60111375,9.01164881834248,-1.7596800807340423,5.632257767283231,-1.5861016499999998,5.893592592910995,hand_wash
-1.535105141798965,3.641917007733259,-1.1011102,3.9478786372567662,-8.221459878756475,4.25125568629822,-8.326884,9.253040351777715,-0.7002205563005182,6.677849886195586,-0.36404296999999997,6.705852687314222,hand_wash
-1.7241974967739362,3.0053391802144698,-1.66872985,3.4613435469916265,-8.732738062127659,3.894190366910068,-8.9346205,9.55955548009569,-2.3703113365771276,5.254181338127856,-3.07640255,5.757723163922544,hand_wash
-1.9236691393119196,3.2091940895306013,-1.62442195,3.7380139786461766,-7.779923118711655,4.025991432326556,-8.059839499999999,8.757500758569897,-0.356615928505183,6.892528944913041,-1.4968872,6.892826355226857,hand_wash
-2.257636797349213,3.4671048164649183,-2.2806573,4.133534322016447,-7.744220020106313,5.420333212723443,-8.174202,9.448578730970882,0.12408723719999998,6.55342602419683,-0.180225225,6.54597363596142,hand_wash
-2.2528738773608254,4.243014667680385,-2.23634945,4.799188915412849,-7.949875357758758,6.4195126648009015,-8.3256865,10.212954976354972,0.7455331748608242,6.526661152393408,0.8442443900000001,6.560742232580512,hand_wash
-1.9711425950320012,4.678813694931232,-1.6621436,5.071323686006167,-8.144426753893347,4.262225701687704,-8.205337,9.189657822819546,-2.6695430691813358,7.886709843106725,-2.6441016,8.31629636127198,hand_wash
-2.3466326646874993,4.790379364827166,-1.9573297,5.328663959829582,-7.972486736335939,4.376598271939635,-7.990383850000001,9.092044621084082,-2.211560429096356,8.225531981229167,-1.99085995,8.507301547090444,hand_wash
-1.7851853120071632,3.9383588571390327,-1.5519726,4.319307204144606,-8.331135754641917,4.976316611721953,-8.632848,9.70081768222683,-1.7934852885464183,8.22400384938433,-0.5712122,8.406629980534985,hand_wash
-1.484985997101287,4.080656111065039,-0.6753955,4.337525924077426,-7.867155816539843,5.1187424550435505,-7.7119627,9.382233681758779,0.38872580534190226,8.481123296417556,1.2645704,8.479130350623226,hand_wash
-1.7434373554701301,3.751590402749579,-1.8705102,4.132486829983114,-8.283143933010392,4.195067727688812,-8.746612,9.282421883488759,-2.7771806703558446,8.400122506754645,-3.7458105,8.836940224490778,hand_wash
-1.68107955925641,3.6524758884788593,-1.6441808999999998,4.016516150196251,-8.942797176974366,3.504755699131162,-9.06934,9.60340763406348,-3.4647304500692306,7.500914212608138,-4.2487645,8.253714629374251,hand_wash
-2.458671060984415,3.4299607540912223,-2.1459374,4.216531356244941,-6.886433854103902,5.366460566573492,-7.1730833,8.726228733217976,1.6319756426493512,7.957424380720118,2.818938,8.112920446729591,hand_wash
-1.8996197009825748,3.801595707665521,-2.0261865,4.24522546824876,-8.02589665347185,4.464074410071883,-7.862849,9.180934117165938,-2.4804536545997307,7.649751729108884,-2.186653,8.032089718770587,hand_wash
-2.0599475752447893,4.122308863414221,-1.9896625000000001,4.603537840968675,-8.539819460739581,4.072089864342496,-8.017328,9.458712925802681,-3.1636274378950513,7.507200249817158,-2.6782306499999997,8.137556659519447,hand_wash
-2.1031582343676996,3.7713948670399478,-1.6813037,4.313924058281955,-8.342530673524548,5.029151235814529,-8.2233,9.737803923392057,-0.42164718169509063,7.5072902756792015,1.0705737,7.509431542118961,hand_wash
-1.9114359967255798,3.7694490122896136,-1.5471826,4.222039592455022,-8.195116288602078,5.321220476399213,-8.175399,9.767402518917603,0.45300218532299735,7.809440274891997,1.9782861,7.812488612228063,hand_wash
-1.4888679982854889,3.5449601802384505,-1.3615686,3.8406136180817736,-8.497311283878624,4.712045861025464,-8.170609,9.713346032417414,-3.2577700042005255,7.625007649063237,-2.1459374,8.282535927948311,hand_wash
-1.586945529021243,3.41458841449811,-1.4412029999999998,3.761330139279083,-8.58955141028497,3.9001937428145252,-8.096363499999999,9.431463120917826,-3.7826417153057017,6.949025764665644,-3.27578795,7.903938037086568,hand_wash
-1.4176942497104557,3.426666490607361,-1.5256275,3.704108558726767,-8.524250122922243,3.513672249719732,-8.545429,9.21822292682301,-3.2533611448954436,6.619093243681296,-3.432063,7.367448310144649,hand_wash
-1.6121271516761788,3.285647275300856,-1.6118481500000001,3.6559775104894454,-8.718027821204181,3.1736321388599187,-8.543034500000001,9.276291484560089,-3.6630036826570715,5.966737022056139,-3.6691699,6.994737153441706,hand_wash
-2.2059148539749995,3.1828955606478404,-2.03097665,3.869208461876756,-7.638007412139174,3.6270169258714375,-7.78201725,8.453431476054952,-0.6882131888118569,7.265530377050784,-0.61372375,7.28872538122029,hand_wash
-1.2768408134305036,3.2747501150563183,-1.0753638,3.510821155592086,-8.757970204615392,4.599725184386634,-8.552615,9.889559811338012,-2.7930978287453567,6.195585330086291,-2.945874,6.788582720340261,hand_wash
-1.4352372778020834,3.257499270917337,-1.3088782,3.5557803568223103,-8.902721078307293,4.208353147375678,-8.605903999999999,9.844925515429711,-3.1601846207630175,5.92030248083587,-3.15663575,6.704138446400193,hand_wash
-1.363445870917507,2.847314928335706,-1.2573853,3.153519054747849,-8.534337655562343,3.938606268164104,-8.532257,9.397148026043673,-3.1358079684429727,5.71096952678012,-3.4452355,6.508606007103701,hand_wash
-1.482638082361658,2.9167786530667246,-1.3795312,3.2686041341338834,-8.604982534248716,2.8308526675414942,-8.5023195,9.057521200070548,-3.450807423546632,5.527923770416787,-3.6955150999999997,6.510518215559834,hand_wash
-1.5599635426458438,2.1351300355324376,-1.3040881,2.6419774018719058,-8.740052303351206,4.302259383684822,-9.144184,9.73901057179465,-1.691744174834585,4.9521599397758544,-2.1507275,5.226867009310092,hand_wash
-1.5704647245734236,2.5823867900462725,-1.2807366999999998,3.019525081422871,-8.763171611263152,3.2646856055231055,-8.980125000000001,9.350042832524078,-2.78675015641579,5.463594936200347,-3.4781671000000003,6.126850017838428,hand_wash
-1.3413101938467915,2.835917969363584,-1.3370197,3.133694295810951,-8.437365633459908,3.951367171376879,-8.7927155,9.314542101334611,-2.519557356417114,5.613536587158603,-2.9398864,6.14619444506816,hand_wash
-1.5761130789132805,3.269437365008817,-1.165177,3.6256746419170236,-8.47459261536459,4.121168308759351,-8.4705855,9.421173970654307,-1.620049857052085,6.473466449375484,-1.9387683,6.664923090831078,hand_wash
-0.7292738245541556,3.3176970104104786,-0.46942383,3.3925571589179193,-9.020584206093835,4.4575333113213915,-9.283095,10.059188482528734,-1.7030162085798937,6.5204462222186805,-1.7100439,6.730713085725804,hand_wash
-0.9027530874049742,3.5745104839514474,-0.6514453250000001,3.6822059101808238,-8.511413499709422,4.5836367272689795,-8.502319499999999,9.664309914774307,-0.9517663508141364,7.166916247762134,-1.0244696,7.220532193241179,hand_wash
-0.6340572113433965,2.906044274272743,-0.29937744,2.9705822352710918,-8.682384758625332,5.271595671541725,-9.326206,10.153749116108568,-0.9200554676628026,5.698803724949289,-0.87298465,5.765008984388621,hand_wash
-0.5117738560671964,2.82110087095945,-0.22752685,2.8634713338436177,-9.081312113068785,4.523245455829057,-9.2603425,10.142773428768976,-2.127455294796029,5.7895037576709445,-2.0429517,6.160823556789828,hand_wash
0.3839447496131369,2.729033537060545,0.74006104,2.7522846503690253,-8.65638076237266,6.082316683578623,-9.370514,10.574891156554365,-0.983640281689008,6.138840398708647,-0.7855664,6.2090157435769635,hand_wash
0.34242476966236873,3.112751292508801,0.76221497,3.127455416616269,-9.130350201678946,5.148656559122937,-9.529184,10.478654471163548,-1.7468736462131578,6.4907053459693,-1.2933105,6.713416191564828,hand_wash
1.4139274624247304,2.90908495176689,1.68609375,3.230977673978009,-8.431910946389785,5.70382574738481,-9.5687015,10.17562255465039,-0.5947824890034944,6.21724350163663,-0.74185732,6.237305031169331,hand_wash
1.7879289793394264,2.998267588968931,2.1627026,3.4875244812715724,-8.83421404294778,5.235956902779177,-9.423204,10.26581717015457,-1.1571258406248042,6.555273701895454,-0.88735473,6.648184420879609,hand_wash
1.5444308261709845,3.4186069946577025,1.9154169,3.747247454554061,-8.544638580404143,5.153416319169232,-8.388556,9.974955934610923,-0.3152366936113985,7.489404454577226,0.38380188000000004,7.4863368426613635,hand_wash
1.1831928007597907,3.970175688348376,1.4693445,4.137763330943355,-8.378466187007833,5.851133067610797,-8.509504,10.21494324111381,-0.22801149471018262,7.491832971495549,0.3903882,7.48551957830167,hand_wash
-1.3724863184308511,4.503550330580435,-1.54119505,4.7023125030703445,-5.094595130250001,6.2138041274034945,-3.9930963,8.028920941387993,2.1819329047978697,7.743910999491733,3.80867985,8.035514855211364,hand_wash
-1.7122346589658801,4.806013498353178,-1.8106347,5.095967937167573,-7.494141866152236,5.759997424077456,-7.4389305,9.447362192608056,-0.6750685967821518,7.492714502960607,0.17244141,7.513264079562264,hand_wash
-1.8000662622142845,3.6835550182446997,-0.9717791650000001,4.095475602776096,-8.43489763410053,5.350171622505002,-8.242460000000001,9.984793875206753,-4.9159233315290995,6.340689916423422,-4.85350705,8.016501113770325,hand_wash
-1.9503463368973686,3.6995949212401142,-1.24181765,4.177898393602837,-8.307216621815792,4.891519889439723,-7.6389148,9.637107923457942,-4.429497242131578,6.493793036180886,-4.766089,7.853586559425585,hand_wash
-1.3940498593527704,5.002866477134254,-1.2549902,5.1871002769743315,-5.637727467836941,6.3781814219699315,-5.5780005,8.506340635032409,-0.9455018924696577,9.053481217627494,-0.920885,9.09083209162434,hand_wash
-1.7726534766135067,5.249289566252137,-1.5399976,5.534055453605202,-7.7642738520259735,5.767976184540986,-8.258027,9.667837571091574,-4.181103769651434,7.660887434728221,-4.2296047,8.718852306886117,hand_wash
-2.0341164110544234,4.03849917667336,-1.4370117,4.517010077258572,-7.273642212573728,5.239580768648639,-7.7442956,8.960216324261538,-3.7514481579619283,6.598049237464094,-3.7230577,7.58227559541851,hand_wash
-2.427279425093384,4.804059190015254,-1.56454655,5.376766183643214,-8.101502058809526,4.310011287044243,-8.387957,9.173951685302134,-4.691409237195236,6.412201577089342,-5.176834599999999,7.9383169714211075,hand_wash
-2.6303981388839035,2.8224371742855734,-2.7207422,3.855402326887387,-5.666458236724007,4.528003255711578,-6.6258216,7.249652770931137,-0.49938370261028875,6.989736415445507,-2.4129822,6.998349126238314,hand_wash
-3.0863530481881423,3.2192867288195064,-2.83869685,4.456755696414262,-7.09683176466675,3.8061419411688395,-7.6472975000000005,8.050739138375596,-1.637181036699226,6.643968664012946,-3.2991393999999996,6.834391888847422,hand_wash
-2.581963390574392,4.424804045805846,-2.2776635,5.117875780376285,-6.782004533180591,5.810032724430396,-6.9898643,8.925305481025543,-1.7580831059406976,8.241907596994986,-2.215393,8.416460057511324,hand_wash
-1.9321200675477457,3.7965941269398895,-1.5543677,4.25546485846236,-7.922673798355435,4.342182906161435,-8.135881,9.031793865584058,-3.4999938816957554,6.584771146041515,-3.742218,7.449440049276591,hand_wash
-2.4380013599811523,4.12629130682812,-1.8351836499999998,4.788064240024009,-8.250384592429317,4.097804041194719,-8.283774000000001,9.209608339836382,-4.378572218568847,6.992628823264841,-4.60861635,8.24261792681612,hand_wash
-2.107270453783644,4.0556498799507334,-1.7447717,4.565609204253069,-7.730497000563001,4.72761957069727,-7.9742174,9.058203468287545,-3.0583179269571032,7.92799277190274,-2.6931994,8.48751265361299,hand_wash
-2.581095090982551,4.078642659516262,-1.89446045,4.822246017304339,-5.975364780067704,6.091825053235648,-6.649173,8.527524567145605,-0.5839388083463554,8.609705315349974,-0.273032225,8.618292813536051,hand_wash
-2.6103317825631587,4.0531321823416215,-1.9974462499999999,4.816480171053529,-6.802400654636834,5.279148258423827,-7.56526815,8.606318635609405,0.20335291310789258,7.889535186740277,-0.36104921,7.881771111603442,hand_wash
-2.4303872635203696,3.086633209762459,-2.2902374500000002,3.925414922379779,-6.559204495502643,4.535001493486872,-7.46587465,7.97088414928162,-0.07123601148148125,7.351106435765088,-0.46403502500000005,7.341721916642982,hand_wash
-2.9012807453774627,4.204555262409083,-2.4824378,5.103911857826728,-7.088125435137302,4.873850482720117,-7.84907765,8.598511543737018,-0.2424150747305714,7.818994988059222,-0.71910462,7.812621999278384,hand_wash
-2.556255433291467,2.7753780124363163,-2.1327648,3.7704939142215834,-7.82508445170666,3.8045840240509374,-7.95865,8.698747418267505,-4.067950267808801,5.275304226990782,-4.470304,6.656038149142451,hand_wash
-2.9282495231243524,3.8453148143217164,-2.1597088500000003,4.829366877339383,-6.990205753562173,4.0717812956053105,-7.5077875,8.08699125604453,-2.162404812223578,6.96292138784347,-3.6086957,7.282353127832071,hand_wash
-2.8291343908133335,2.7227066858708917,-2.6405091,3.9239475974299194,-8.020482950346668,3.385671696174493,-7.7047777,8.704042290617268,-4.727956966263999,6.022265833865979,-4.877457,7.650133921694692,hand_wash
-2.9087822436891186,2.371282706317606,-2.88180735,3.750923686833371,-7.517209347150261,2.6429811340952996,-7.425758,7.9671631641561484,-3.9135301599611356,5.687019292813255,-4.8636858,6.897399415490628,hand_wash
-2.5918844153572933,2.5779928205100155,-2.266886,3.6532564970634174,-7.590020177055703,3.489978163118306,-7.8089614,8.35200851974513,-4.1654376490909835,6.296446891977228,-4.7816563,7.542609261718973,hand_wash
-2.5582500348601025,2.563606725134788,-2.44651245,3.6193502965969153,-7.704908132901556,2.6326736366674175,-7.76704835,8.141168462302625,-5.130013934704143,5.750174951327858,-5.4893848,7.700382820594015,hand_wash
-2.422429539171505,2.795600250007815,-2.262096,3.6963393476094506,-7.485045834736145,4.083632261908142,-7.5742493,8.523964069621956,-3.6604271423509256,6.115755019079268,-4.2882824,7.120568733587465,hand_wash
-2.7219800213445597,2.8475583306794863,-2.3896308,3.9365920511783794,-7.756826063769427,3.1309661941825357,-7.572453149999999,8.363366765301711,-4.037664760416325,6.096456999601647,-4.3301952,7.3056989843608005,hand_wash
-2.8261168909598955,3.616982958938445,-2.0920496,4.586487886418319,-4.50314465817481,5.007182689224902,-5.542075,6.729467896196904,1.553259440496916,7.77893218203851,3.624862,7.9226790602696076,hand_wash
-2.3679941302426677,2.7203728932080518,-1.9974463,3.603899333012776,-8.183717886229328,4.209891671945893,-8.20414,9.20049805698242,-3.3807552873226685,6.742557156906898,-3.5206788,7.5346102169618225,hand_wash
-2.36681600453627,2.371678289125103,-2.1243824,3.3484479592331433,-8.286404620725387,2.8943922310336974,-8.2945515,8.776121269730998,-3.7009939006813513,5.803450605644023,-4.2170305,6.876782736000871,hand_wash
-2.63756248759542,3.552886714361049,-2.0501368,4.42126908002526,-6.596234165868445,5.188402253157814,-7.38624,8.388165807280052,0.46059028691094106,6.5068769640574615,0.29817992,6.514895031682865,hand_wash
-2.0954610330973487,2.3784952193138778,-1.8441651,3.1675211931710994,-7.971959099469493,4.299972310102354,-8.049661,9.054990297624514,-3.295667569732096,5.891977253121156,-3.5889368,6.744237347772951,hand_wash
-2.1483013305148435,2.533452253624369,-1.87709655,3.3191662200015353,-8.489798493750001,2.7924685997935517,-8.2550335,8.936120655175388,-3.7342782764999978,5.467891017672625,-3.92843075,6.615497523959408,hand_wash
-2.7230503330595863,3.7587309670214886,-1.9441571,4.637505839461968,-7.140837613056996,3.744818232586294,-7.2694831,8.060948745430517,-1.3798694181658036,6.838071800345413,-1.5890955,6.967218072287878,hand_wash
-2.6711806279410264,4.019820665156809,-1.61124935,4.822108553424167,-5.241368235230774,4.5782001030773944,-4.8642847,6.955437713492489,1.2949594032307719,7.678755685323672,2.3770568499999998,7.777468792011601,hand_wash
-2.666937721179624,3.0355431615462303,-2.398612,4.037620002075813,-7.914197570643436,4.743282450833127,-8.125104,9.223498972127388,-2.2545641794798956,6.69904003015297,-1.4741346,7.059736746076186,hand_wash
-2.8451954353403117,2.916642312251298,-2.4674688,4.071814132143581,-7.961919556335072,4.0813028963659015,-8.1179185,8.944584481916282,-2.8935911414083777,6.514766492764578,-3.1033464,7.120670400967289,hand_wash
-2.7629228778789487,2.66683636794334,-2.4291486,3.83758299067937,-8.455112230526316,2.913998530629328,-8.501122,8.941921745961196,-4.6933149494876325,5.579469700627129,-4.426595,7.285311594837837,hand_wash
-3.1448055981184213,3.87075728956521,-2.5512946000000003,4.983285655432612,-7.789964873157898,3.625592095552014,-8.140072499999999,8.590336365869234,-1.8815241943297347,7.003486064657385,-2.2363495,7.242918922460446,hand_wash
-2.3276364570418666,2.4450941447346044,-1.9519409,3.3734899177402156,-8.159585663920003,4.194519747908913,-8.077204,9.172018142154156,-3.2523311389920013,5.133289234336271,-3.9338195,6.071082916474404,hand_wash
-2.455710075695548,2.955900566522738,-2.1555175,3.8399202460314146,-8.13192518133507,3.318317442952245,-8.026907999999999,8.781264863099233,-4.442720468723558,6.008696527459681,-4.753515,7.466437229180825,hand_wash
-2.949613117662759,3.741261125690462,-2.440525,4.760336305662126,-7.66086600489583,3.4393773006146358,-7.5467065,8.395676187775035,-3.0651790586989667,7.344966958939888,-3.1482531,7.95005479862818,hand_wash
-2.7968281746657895,3.022738892667877,-2.4824378,4.115234336644846,-7.4708065105000045,3.8618399089090545,-8.1041475,8.407586487070892,-3.26621416731579,7.067325609549471,-2.90875125,7.777133568629008,hand_wash
-2.7903652751476677,2.8678217162132715,-2.562671,3.9986539016732277,-7.844591777020725,2.8122092895524196,-8.113129,8.33220576076614,-4.1626401046373065,6.3528751146573175,-4.3643243,7.588282929014793,hand_wash
-3.0638162520651004,2.5749122602546577,-2.638114,3.999984637285717,-7.843819946881511,2.8603086643366327,-7.6209522,8.34778841218728,-4.672421165807292,5.747432312686769,-4.9630792,7.401248162229099,hand_wash
-3.197076378976804,3.3570551971334512,-2.638114,4.6327174576933565,-7.222567192163653,3.6056017436282697,-7.1766760000000005,8.070460624175153,-2.5490384414883978,7.110061129044082,-2.93030645,7.544552675742006,hand_wash
-2.680769376448813,2.2917812575202605,-2.3135889,3.5249010727546364,-7.700682910026386,4.008296811835803,-8.25683,8.678972804513531,-2.983827799672824,5.758927097906971,-3.9002893,6.479271751059362,hand_wash
-2.6567186235311837,2.4506381998147218,-2.31179265,3.612243487002803,-7.785418393247416,3.327591791456055,-7.94487835,8.4650498150415,-4.39211087266237,5.418788360162676,-5.391188850000001,6.969808224481104,hand_wash
-2.2254198293544967,2.123711144962759,-1.92858945,3.0742008446001154,-7.590323783888897,4.919100767589566,-8.2095285,9.04138002835751,-3.356068631580161,5.21759579194046,-4.378096,6.1979418503492525,hand_wash
-2.596037595427835,2.3487846182751713,-2.37645815,3.498854362659084,-7.66419522505155,3.6685397743817107,-8.075407,8.494903559340152,-3.461463699090983,5.160993933917589,-4.34396675,6.208779284731207,hand_wash
-2.3149283583943308,3.0428890917368756,-1.99086,3.8202360501061503,-7.543043030938146,3.842116754187122,-7.2173913,8.462937627413474,-3.894286342177833,6.4955238476951855,-4.4044408,7.56627744275932,hand_wash
-2.8248236910541245,4.376511975295779,-2.37885315,5.204240611697643,-6.132259245925264,4.78209740671153,-6.357579100000001,7.772652040837635,-1.1250666187087586,8.154540274140258,-1.6004718,8.221369665533173,hand_wash
-4.446073100807285,10.334463936025818,-5.9043220000000005,11.237908296536911,-4.364580054062501,5.88687879057164,-4.36671945,7.3222027189239824,0.38389854788541683,5.742398658281013,-0.85562072,5.747751532482769,no_hand_wash
-1.8189203248101278,11.51728453206589,-4.1302114,11.64562135811308,-4.342015786113926,7.512287556573997,-3.3446448,8.668603887473306,0.30552870051898723,8.174933075003525,0.16645385,8.17029313318111,no_hand_wash
1.6948878391731286,13.238258792243357,5.277426,13.329339608370624,-2.601613154948319,11.066397740981447,-2.098037,11.354166747517066,-0.3663823017441861,8.911117236327971,0.45625123,8.907135214716881,no_hand_wash
1.6326630359324665,13.394367187950762,6.094127,13.47622585756087,-2.65521193987013,10.827055406767112,-2.7590625,11.134217456689832,0.6201234233974025,6.345221209217541,0.9783655,6.3672450138685255,no_hand_wash
4.144293546780362,10.35696825511568,7.4616833,11.142925346051921,-5.887604708157625,10.72198969262875,-3.718268,12.219979343603724,0.3404362764056882,8.573772194665047,2.2345533,8.569452683568352,no_hand_wash
4.912983406304909,10.154518642670318,8.115523,11.268771438247459,-5.998115998157619,11.368703052246776,-3.011737,12.840982516311268,-0.17772961606201626,8.935385249201296,1.1963123,8.925603037971747,no_hand_wash
4.51961264051786,14.629951951147493,6.6737218,15.294325209034593,-1.215695390545921,14.576227275836493,-1.3711486499999999,14.608295956507442,2.321769804375,7.820921157621334,1.7304015499999998,8.148704498468122,no_hand_wash
2.9299334992987323,16.328626681393644,5.3373013,16.569054348920098,-0.9384474595037992,16.41361174306492,-1.6777111,16.41966174844307,1.0534720523797463,11.823941057651297,1.5184424,11.855861306431413,no_hand_wash
-5.319643847933676,15.549823774712369,-2.5045916999999998,16.415809482394813,5.384116986676023,21.513794291027576,3.36979265,22.15065095441905,1.9268970479974485,13.976069288550823,3.29674435,14.090605127799545,no_hand_wash
-5.855715567214834,15.494949179730678,-2.5662634,16.54596038742092,6.263282397843985,20.867268300035796,4.884642,21.761386169772415,3.5917972751943745,14.477024347423233,3.4380505,14.897960281973763,no_hand_wash
1.9283981777740244,14.015880452166293,4.0200405,14.129875366589658,-7.6624699839677906,12.537959629769801,-8.473579,14.680107803534428,-2.0799532056467545,14.04078195616171,-2.6800268,14.175955067955764,no_hand_wash
4.539556781597883,12.825659938732187,5.9665923,13.589332210453563,-7.940871002726452,9.830645918031777,-7.3610925,12.627088573436007,-2.554456258439153,9.872048550762264,-1.04662355,10.184535615689326,no_hand_wash
4.4716441717544075,13.293776071519813,6.4761329,14.009362883167848,-2.2459978247383416,9.445795338981542,-0.713715825,9.697237133214802,-0.7918021574611391,10.035102575050686,1.282533,10.053325072450404,no_hand_wash
4.205419664394913,12.97990285371933,6.605464,13.628453168091054,-1.0052987935928739,9.332211460264608,0.31734008,9.374390269004566,-0.5817673071755703,9.690733727100744,1.5890955,9.69586591344903,no_hand_wash
4.650408814478373,12.102846616885797,7.3024144,12.95115742070577,-0.045554120966156464,8.68946788772362,2.264491,8.67852510250894,4.09735126438677,4.447020584905726,3.739823,6.042678121148454,no_hand_wash
5.004473967020726,10.728413002586535,6.64198805,11.825625636851154,-1.5458423963334194,8.186497928261938,-0.313148795,8.320742355307214,2.615885614854924,9.192955712658666,3.2817755,9.546431445038406,no_hand_wash
4.787724903407796,11.91401804064691,6.690487,12.825655942740852,-4.495165487467533,6.717408922244164,-2.6536818,8.07544991177835,-2.2377040777454544,10.68156564954091,1.2645704,10.89985373395295,no_hand_wash
4.821375951306125,13.518081955386624,7.9287122,14.335900253284262,-2.249839782535713,8.942579281975966,-1.3112732,9.210184518401356,-0.5297270047117372,8.19171305906919,1.4789245,8.198389442613875,no_hand_wash
3.814632338269719,15.940393845173434,7.359895,16.370736718646636,1.9757662172926178,10.80421375934384,2.6129663,10.96985239503004,2.2077113405190856,8.238434224327545,2.6441016,8.518983862782827,no_hand_wash
1.6897570979434438,15.267128966624206,3.0344896,15.34083814916823,-1.6995649332390743,11.30272081896259,-0.95321774,11.415411024285042,-0.6457655969742929,10.679111815960749,1.3004956,10.684908591791206,no_hand_wash
1.3473056379352633,13.489721466131073,1.88188665,13.539163286241514,-9.004403667239472,10.12602311845623,-6.157595199999999,13.540524255485115,-6.260442376739472,11.262614562055983,-2.48782665,12.872677226659968,no_hand_wash
0.8273570018073307,13.316836121349242,1.30468685,13.325104426002426,-9.543773523390062,10.916471139289342,-6.19651415,14.489340687970333,-3.810585782023561,10.126053168313602,-1.47892455,10.806900361683299,no_hand_wash
3.0875679633704665,11.766928715832295,3.7667669000000004,12.150513614030936,-5.627191454834196,10.254532573383274,-2.13755485,11.685388249975105,-1.0816615583782387,10.693592469441567,-0.12394226,10.734368194800304,no_hand_wash
4.461146681896908,11.797775688099307,5.45765065,12.598833684320622,-3.143648311079895,8.544613474451495,-1.0220745999999998,9.094216455937326,-0.5533205047835057,10.848338005334549,0.558039535,10.84846926983202,no_hand_wash
0.32192952984771595,14.401372793674502,2.445315,14.386687672887374,-1.0580272231700505,8.689129198627272,-0.281414795,8.742354432163122,2.80957370880457,7.053510924543405,2.54111565,7.584157608769365,no_hand_wash
1.3134706724873098,15.758714912532202,3.2745905,15.793416467147162,0.006577194375635564,8.724552232642964,1.2753478999999999,8.713475914020773,3.2224835771573583,7.175396671591893,2.74289605,7.857483176390968,no_hand_wash
2.7435909881596503,16.49299878089895,4.8091993,16.69923795852146,2.31434819204762,8.797851382173471,3.368595,9.086495806875583,2.989407539115289,8.032524939897451,2.7315197,8.561326207599999,no_hand_wash
1.422722698753634,16.202583598744138,3.1123278,16.244688392770776,1.7934584651804504,9.780922633860214,3.2272887,9.931927068959514,2.1431192836892237,8.304088901992658,2.3531067,8.566097475402213,no_hand_wash
4.959817618886886,16.661198017160537,8.787327,17.363228300616463,4.566763513831363,13.504425461812946,4.253555,14.239242249200542,1.7568329894151686,9.23256851313052,1.2981006,9.386567887798211,no_hand_wash
5.698038512319588,16.499547525735625,8.7975055,17.43562659233278,5.62224044331804,15.390570289539232,3.8493951500000003,16.366696448617216,2.627209852764175,10.669154247601172,1.6064593,10.974502516474523,no_hand_wash
4.624408919213202,15.750870616036277,8.7879255,16.39650612644028,2.7964527723340105,12.629575650950411,2.21539305,12.919810029865724,2.556935599852031,8.579309993749607,1.95493475,8.941793222092565,no_hand_wash
3.933319898218832,15.800352771256312,8.90588,16.2630534791977,-0.5675647808076322,11.510220980000904,1.0514135,11.509570120283822,2.4736316172994908,6.315887915296807,2.1148024,6.7755288461075,no_hand_wash
4.767638935000002,13.73101815564958,8.63224875,14.51870209436166,-2.185777475900249,10.67015719844132,0.301772465,10.878460952740687,0.4528319415837569,10.664906411257528,1.6304094999999998,10.660985167635458,no_hand_wash
4.652604543759401,13.895133923750492,9.196875,14.636856875407165,0.3317942636974942,9.604019565293614,1.3615686,9.597713703646914,0.6256433305395993,11.354738666203177,1.5759228,11.35774566966211,no_hand_wash
3.6763009705313276,13.42452057269098,6.873706,13.902563355982334,1.1303951988070164,11.37348002714502,2.6225464,11.415324814125066,2.7830426973591487,9.211928350198416,3.942202,9.612089773966227,no_hand_wash
2.6509925112080217,13.05995031389241,4.55892,13.31024376389149,1.7752347042456131,11.374737386622844,3.1542406,11.498340600386154,2.998963626486215,9.090727047491978,4.932543,9.561797947384871,no_hand_wash
2.969827327956846,13.73558267996739,4.8080015,14.035618841854824,-0.18188529328863093,11.586139513049162,1.8250049,11.572590083203169,0.6870549700180876,10.401667459324864,2.8273206,10.41091531203345,no_hand_wash
4.34979321770052,13.290180789786081,6.604266,13.967406143773585,-2.5050684573699735,10.844322505187561,-0.59635985,11.116098718168265,-0.9045920146135787,10.198498457194889,0.9580078,10.225267358731665,no_hand_wash
4.285452865676245,13.212897951276421,7.3359447,13.87407489979757,-2.4523498990626624,8.408908718665781,-0.5628296,8.748665333636351,-2.1736803420992192,9.611028012990221,0.7640112,9.841522540053528,no_hand_wash
4.953270545550652,13.350510450079618,8.022118,14.223504047525275,-1.2396092251532476,8.680706187690816,0.26704466,8.757600388160204,-1.8398851241168854,9.268605647953366,0.67898804,9.437642329030446,no_hand_wash
4.990937313493638,13.614102035801757,7.2317615,14.483839851756924,-0.1492408166938936,8.360357969339248,-0.2586621,8.351048247650292,2.250763780991603,6.425401034663351,2.7195446,6.800489922254613,no_hand_wash
4.168841599538464,12.942411835343153,6.7653313,13.581449177894646,-1.8699421951992303,9.525140435220711,-1.58550295,9.694965057007668,2.4400213332428207,5.443683980406081,2.5704547,5.959145538679385,no_hand_wash
3.9778679261305467,10.100638709982453,6.3456044,10.84342922014146,-5.471728525227148,7.625554581239969,-3.4620008,9.377476763187834,-4.116034896459527,9.311993105687828,-0.9352551,10.169982969827732,no_hand_wash
3.687244564397402,10.274187557015097,6.0414367,10.9032345382255,-4.960887959836362,6.031187040082953,-3.2165112,7.803277861200702,-6.345019485932466,11.680604403643391,-2.4692652,13.279360336320268,no_hand_wash
3.404547843670075,14.461244916208498,7.2066135,14.838588118075682,-0.6563731815831191,8.537721478330488,-0.83825684,8.552022420627802,-1.8637172356265999,10.849406630730334,0.7867639,10.99463589851808,no_hand_wash
2.9302699251015207,15.250783024395691,6.5210395,15.510723513829939,0.6895680607436546,8.997301932594281,0.5748047000000001,9.012296359075417,1.2446047185279188,7.792714899716309,2.3872356999999997,7.88170784036559,no_hand_wash
1.9854164910532988,13.441724989110421,5.31574585,13.570676870371202,0.06928234229111657,9.868027738152662,1.5597565,9.85574042231859,4.068451277538074,6.314745396565595,3.4560132,7.505138045059715,no_hand_wash
3.059902202290489,12.792675490153206,5.550458,13.13753580589043,-1.278740300538046,9.570430213730775,0.7364685,9.643280214888868,2.02465037696658,10.149674388572201,2.9961693,10.336840765106086,no_hand_wash
4.894978897553196,12.049644226949669,7.8245287,12.991666730614982,-0.3108073609437342,6.526649237495685,0.7041357,6.525703591689097,0.6870826925447578,10.597708847387095,3.065625,10.60642606744765,no_hand_wash
4.548757855442635,11.502141375457812,7.1994286,12.355104034578702,-1.1343480770646006,7.379965428498829,0.09101074,7.4572046854431315,0.8385538860852738,8.546308321601922,3.3350646,8.576352737870069,no_hand_wash
1.4795867514237717,11.625914654155395,0.8945398,11.704777356574711,-5.2046188020491035,9.7965253536259,-2.9255164,11.08205650815436,1.540146093793281,7.57355631098812,2.5375233,7.7189760556837905,no_hand_wash
0.45254017718781747,12.790773044213873,-0.036524045,12.782543933777893,-2.6916949775203047,10.184209021810974,-0.358055425,10.521411089264815,2.999707250649747,6.0475680717308595,2.81115415,6.743774766163043,no_hand_wash
3.1524645692713187,12.039968939153827,6.2713585,12.430780710445921,-2.1843073250981893,9.142798499469807,-0.3412903,9.388608314608977,2.8662783179276485,5.854634700605717,3.05844,6.511814529487164,no_hand_wash
3.886039851131783,10.03089743841044,6.441405,10.745241364345139,-2.053565253118343,7.9966206645104645,0.05748047,8.246080117759476,3.30420795095607,5.562605378557498,3.6009119,6.463777053492943,no_hand_wash
4.358835745151516,10.163851827243347,7.0078271,11.047283133219427,0.11711102339949539,6.442284278462525,1.7771045,6.4352106487111485,4.8025312773989945,4.006134751697092,4.359534200000001,6.250831484637112,no_hand_wash
4.604286871586414,10.573395342319522,7.45330075,11.51996043759515,-2.0143158216666657,8.465679814956344,0.8598120300000001,8.691457848738205,4.746010638633332,4.281560961490064,4.182901599999999,6.388221718539133,no_hand_wash
3.9114774896070155,11.679801221404771,6.8868785,12.302970409132099,-1.503509282607791,8.609542310477348,-0.0742456,8.728815986166538,0.8922816320831167,7.943383472260025,2.8165429,7.983083257799387,no_hand_wash
4.343117295994831,11.275679178422457,6.725215,12.069593167059962,-1.031984191509044,8.223342255322235,0.4658313,8.2772949603667,1.200251332571059,7.9475012434026455,3.0692174,8.027463358228166,no_hand_wash
5.945617837853533,9.381372165608438,7.9352985,11.096768328923709,0.021603568348485303,6.465747007048911,0.8729846,6.457614161459243,4.499594549992429,3.3837737997369617,3.83263,5.627376146106187,no_hand_wash
5.054545861954315,9.412161735548324,7.40540025,10.672974176196849,0.16893397943147245,5.378680784275154,0.56642215,5.3745063724281215,2.3173090505203033,6.29146432011992,3.1165192,6.697162180347785,no_hand_wash
3.6366350209969345,10.250209573645002,6.062992,10.863848192310149,-1.4111504162659827,8.008060819707126,0.9172925,8.121352763198372,1.1764476817672633,6.471339175304829,2.3004162,6.56925828540438,no_hand_wash
4.314703283560102,11.207150951079445,8.0382845,11.995821129097543,0.4882936785176778,7.809723974338939,2.06929695,7.815126333193572,2.5223910197386377,3.8478689908238963,2.53452945,4.5968644853061,no_hand_wash
2.469583289233082,10.389832817364777,3.7134778,10.666626442342514,-0.8364650556824565,8.879791060160695,-0.77718383,8.908015620011536,3.5024249540964907,6.204194920744945,3.3362622,7.117762563402699,no_hand_wash
1.7781939717142865,9.534427425265305,3.5865417,9.687076301999133,-1.8844091637476166,8.226181250477396,-1.5184424,8.42920261468133,4.305650883050123,6.2380575975974875,4.8379393,7.573273063419502,no_hand_wash
3.2162064111394795,9.741923054824449,5.0594788,10.247074793488176,-3.3038858977038945,7.834732786965839,-1.4537768,8.493483584859273,2.681647407350648,6.885945970941651,4.29906,7.381349851903486,no_hand_wash
3.960574405349086,10.148787752221802,5.9779687,10.881871091763635,-3.816941992913835,7.965795247729321,-1.6944764,8.823676339415204,1.058404794751958,7.253943124995966,3.0979578,7.321374416285499,no_hand_wash
3.851421140639385,10.910286111938994,6.539601,11.556961200374987,-2.1794310187979535,7.594299437285763,-0.4406836,7.8915018373015275,3.54349570920716,4.997735823556366,4.548142,6.1212616737497045,no_hand_wash
3.405474639974623,10.639225760142104,5.7779845000000005,11.158095272219208,-1.5099534400355317,7.641593570364585,0.079035648,7.779826713042185,4.973525518578677,4.117199687674656,5.29299335,6.453236836165528,no_hand_wash
3.0450076630900487,10.304172826896988,5.1229467500000005,10.732063745105428,-1.157634505303571,6.030178524643912,-0.750239875,6.132732490215127,1.336008493012755,8.988230066879025,4.1823026500000005,9.075632533229049,no_hand_wash
3.060977305765631,9.433881739665763,4.6319675,9.906449284683084,-2.8543929182937986,7.7152925022410725,-0.8418494,8.217024038521263,1.7128845508036177,9.075468563634113,4.548142,9.224168034326787,no_hand_wash
2.9945840506272483,10.623390566442447,5.726492,11.024238813338007,-2.0241978697010294,7.342159933594259,0.062270507,7.6069777373600855,4.936889484670953,3.9548523975035605,5.0163684,6.322462131957215,no_hand_wash
3.5534659139589744,10.682548821127599,6.1893292,11.245059448998267,-1.0297755052358983,5.021657366092628,0.16645386,5.119845818944531,2.2957951299282024,7.691369313557722,4.3313927,8.017240932239822,no_hand_wash
4.109967417745497,9.123136014857433,5.4881873,9.99547297084483,-4.1867742638933105,7.165755221841121,-2.2920337,8.291268088357059,1.6119928397506427,7.9214983786927755,4.045188,8.073868098624834,no_hand_wash
3.257080301941474,9.354893704388177,4.8798523,9.894439159835724,-3.1459678449325685,7.520713375866257,-1.3064831,8.14336060319761,4.186844547145038,4.640441634337374,5.039121,6.245684325799591,no_hand_wash
3.8756144944435893,8.762909194624548,5.93066715,9.571419511973064,-2.753900941073078,7.278884926611495,-1.59987305,7.773691816696892,4.970147594373338,3.3949989696029923,5.1720448,6.016546453003041,no_hand_wash
4.052901214187181,9.16599186101388,6.0504180000000005,10.011293169623116,-4.308465103087178,9.228068822543982,-2.84528315,10.173582152039591,4.802259806091282,3.6122006042990793,4.9864307,6.006349645005976,no_hand_wash
2.892250852493573,12.315356041981593,5.8881555,12.634999699959044,-3.089464352190231,10.407284801165213,-0.7232959,10.843335786813977,0.13397023627763455,10.274782212124148,2.994972,10.262441541901914,no_hand_wash
2.6861314105398444,14.144916729292742,6.219866,14.379834149988804,-0.2983061313547535,10.392922398988242,0.4035608,10.383841032130091,-1.358133083920308,10.474037552479777,1.5447876,10.54836332992959,no_hand_wash
3.231489311984618,14.66430851993438,6.4222448,14.997769098780912,-0.40914300255051245,9.771134154214794,-0.11196716500000001,9.767172200961001,-1.9647020560384632,11.081733759814417,0.7161108549999999,11.24055128232408,no_hand_wash
3.521151478841558,13.363100547160721,6.7264123,13.802432372912742,-3.423136102947271,9.741883249821607,-0.9520203,10.31385695969481,-0.9635847752935081,10.81026371934907,1.2154725,10.839130968570615,no_hand_wash
5.018031271621766,10.683334287905696,6.793472850000001,11.790614333737496,-3.44468029380052,8.45848324468215,-2.24832455,9.122850922491713,0.6423553925492256,8.70762103029751,2.29263245,8.720025956703166,no_hand_wash
5.627227033570336,10.352917277492192,7.1371584,11.771765168734769,-1.0275460799028124,6.246492710434752,-0.9675879,6.322557246077842,0.5766177791406654,8.703994581024979,2.379452,8.711960247975174,no_hand_wash
3.627755512213198,11.942660606004921,6.59468665,12.46698658792057,0.3866011243654822,7.496916987052726,2.4141797,7.497371245451531,4.976440257837558,5.613782717772755,4.56490725,7.4966344354268815,no_hand_wash
3.125023284944163,11.868878559677661,4.975652999999999,12.258813564880517,-0.8524719486802016,8.999744651697958,1.9267932,9.028651069135432,3.961836420299488,7.568931024766394,4.04518795,8.534603789527587,no_hand_wash
3.5838343331867004,11.330370882044088,6.301296,11.869829069990963,-3.439866700859332,9.361596264203436,-1.6082556,9.962330331265123,1.4408829490025572,8.03616343634521,3.1326857,8.154195264124688,no_hand_wash
4.259169353772154,11.17607413021119,7.113208,11.946921875002761,-1.8797022772539256,8.323205258151813,-0.69216067,8.522537461670709,2.671022802455697,6.466441201672693,3.6236646,6.988802774171772,no_hand_wash
4.424804693827414,10.513738703709748,7.38384505,11.394605874201016,0.026235814900761333,6.987197985095736,0.9939330799999999,6.978374667258706,4.859604038690359,4.938161362078652,4.559518300000001,6.923820988231988,no_hand_wash
4.036300899538073,10.223496302165254,6.6898885,10.979358939267666,-0.048842569108629254,6.92538981550006,1.1070977499999999,6.916768118538763,5.37438430808122,4.490336508390907,5.16785365,6.999710937824133,no_hand_wash
3.4562183879411728,8.466828934994043,5.1612673,9.13505854152017,-0.6330477643350395,6.277744842316678,0.025147704,6.301590016250206,0.6683176388491041,9.210571318331116,3.988905,9.223031178989304,no_hand_wash
2.798193526085273,9.734179794457011,3.911067,10.116288857124493,-3.303929446227394,8.646177968355103,-0.9065149,9.24549480940677,0.4110428978552952,9.470068539516857,3.3290772,9.466753269253292,no_hand_wash
2.4570832122319577,11.344119762240153,5.5265076,11.592870148259463,-3.431692621311338,8.68039631809302,-1.5531702,9.323711455769718,0.8100474555291255,9.889986895350114,2.7590624999999998,9.910394810361273,no_hand_wash
2.7211056711122446,10.592199355429953,5.82289125,10.923044095939238,-0.9796362991551008,6.2441674028637575,0.180823975,6.312673799631992,1.0488749761614786,9.690710217601525,3.2308815,9.73501090170021,no_hand_wash
4.008369115355331,10.282396657913363,7.0245921,11.023899474664313,-0.5234059929347722,8.442011582139003,1.2394226499999998,8.447522196216122,4.522535431798731,4.441651804456064,4.5559258499999995,6.33494480881444,no_hand_wash
4.080013044225891,10.748972576678698,6.6874933500000004,11.484496859679124,-0.5584741947520322,8.54116949676899,1.0550061,8.548585468574991,3.563445604131219,4.861059933866586,3.5314563999999997,6.022298056342045,no_hand_wash
3.893113358505076,12.188959938286382,6.20369925,12.780844764402888,-0.33729960434010303,7.148059870143371,1.4627582000000001,7.1469468165432755,0.5618873593756326,10.101858392451211,1.9615209500000002,10.104665084482876,no_hand_wash
4.075715271271793,12.336930066357876,6.5599585000000005,12.97771329725717,-2.6132610743435896,8.822364767870864,0.021555175500000003,9.190412334228116,1.2367420122794865,10.218345498261948,3.3967365000000003,10.279902033695278,no_hand_wash
3.7548166998704637,10.583898439754245,5.53788375,11.217279091316902,-3.615036898608293,8.121921574530607,-1.8818866,8.880495846419167,0.7593328833489632,8.21032081259869,2.7141558999999997,8.234762814163616,no_hand_wash
3.48828762771795,10.47663093925067,5.15228565,11.029347715844892,-1.6739436396482064,6.8191894027079085,-0.8358618,7.013144601607454,1.386771579381282,8.481572121926227,3.1793884,8.583457756539865,no_hand_wash
4.019642148795397,10.541082337033194,5.7923546,11.268884583057703,-2.346105383417648,8.135764431143361,-0.9196875,8.457280163642912,3.826368340260866,5.560552488147561,3.9637573,6.744016608795283,no_hand_wash
4.494380368660669,10.326403120484823,6.051017,11.249885837892402,-4.1360417223015435,7.529651756919945,-2.572251,8.582351048665183,0.08153534677635049,8.111697688886027,1.8441651,8.101674929587372,no_hand_wash
3.143368687735369,11.18279316508952,5.3504734,11.602474905036706,-2.042494582949109,8.11809388763669,-0.54247195,8.361072852033674,1.7459601048295157,8.549831883774734,2.9746141,8.715618038498162,no_hand_wash
2.293837543329115,11.053723375148829,5.024751,11.275511630110296,0.06833992708860807,7.748197620687195,1.6956738,7.738685319282888,5.2840315331240495,5.06998520479403,5.116959,7.318515143352688,no_hand_wash
3.0773053464776927,10.85475033414923,5.80373085,11.269130227162409,-0.8811399740846142,6.396648752071689,0.86639833,6.448922951250311,1.5892919772128205,8.561152381353645,4.3373805,8.696622762311666,no_hand_wash
3.489178087003335,10.667033739470336,6.30728375,11.210183519931473,-1.8369861335205129,7.262619362674207,-0.5849835299999999,7.482306651765186,1.286484751443591,8.61851647616435,4.094286,8.703069041250178,no_hand_wash
3.7908429802531667,10.532715458832225,7.219786,11.181579919721065,-2.396641487893669,8.246456928573908,-0.3927832,8.577632548650746,5.226957307827849,4.200139178890367,5.8031325,6.702058686124286,no_hand_wash
3.2128506279328155,10.451034518404029,6.0318565,10.920819510805552,-3.88644831047209,7.974389173714362,-1.7974621,8.861774406826408,1.6176036056382437,8.989651452347648,4.8918276,9.122590278268659,no_hand_wash
2.292753424081842,10.14015604362402,5.0259485,10.38347287906148,-1.159881598061638,6.286193386757432,0.4670288,6.384394105731335,1.263336033644499,9.15328165737211,4.4104285,9.228450865285527,no_hand_wash
2.361428468213199,10.530606240303644,5.8187,10.779079561316664,-1.6913032273538073,7.786782989124509,0.63707517,7.958680955577268,4.55691672090101,4.7361908678671405,5.49237875,6.568109407355101,no_hand_wash
2.379073276809766,10.463900781697635,4.508624,10.71782327030472,-4.339941645105401,9.039525200821044,-1.2346326,10.016888247977672,4.8176310260488435,4.6020334506354725,5.261858,6.658365910229441,no_hand_wash
3.4547399137443024,10.42406795701793,6.3108764,10.969107940797821,-2.2176122683443045,8.01053317393149,0.022752685,8.302047557429558,4.679413403070885,5.070941028163043,5.022356,6.8953790941815205,no_hand_wash
4.400299928473282,8.744302528326482,5.78996,9.779105494236232,-2.804979231153689,6.362568410108224,-1.9076331,6.946018782199277,0.26592944217735276,8.342096970956982,2.2393432,8.335719829092465,no_hand_wash
3.8797914980152672,8.798908244193793,5.300178,9.606069378346433,-3.751450724995927,6.399004448248053,-2.4968078,7.410563337207845,0.6198377594292603,8.337726654215887,3.185376,8.350149389249658,no_hand_wash
3.412026722367088,10.81562485086945,6.3156667,11.32799722322357,-2.3842692339273412,7.597096902026121,-0.45984375,7.953270079868992,3.6850559012936746,6.353173359770356,4.867877,7.337592548066283,no_hand_wash
3.9998276993943334,10.504815511550632,6.8671198,11.227883165534703,-3.016363516034278,7.086531517866625,-1.23642885,7.693370365796618,0.7126572274768038,8.32828842487363,3.55181395,8.348023989240481,no_hand_wash
2.7954754453865966,10.719026146654425,5.378615,11.064179900272975,-3.5165429826631445,7.932597222289354,-1.33342715,8.667755913341157,1.7950331930953602,7.491515593161829,2.9961695,7.6941733565073145,no_hand_wash
2.516007438329115,10.79738424143007,5.5540504,11.073330653836578,-1.8059296291526583,7.830679831418894,-0.16645385,8.026561473576649,4.889326247559494,5.236300868198955,5.53489,7.159255766865352,no_hand_wash
3.0766231015217405,10.571092749932689,6.2965064,10.996718197719606,-2.1904199498184145,7.480089801818107,-1.6310083,7.7850230514582,0.656951993120205,8.803698546707597,3.7973034,8.816942284017642,no_hand_wash
3.068571318043479,10.83574810521944,6.324049,11.24852331701729,-2.011994053381074,7.57974998247716,-1.0777588,7.832866157846659,0.6431607396675187,8.683018442060819,3.5757642,8.695725352325379,no_hand_wash
2.9303033515624355,11.320134600090793,6.737788650000001,11.679335719301733,-0.3714590438121827,8.903703803574967,1.36755615,8.900152541944063,4.494302786022078,5.138432022611936,4.6271778,6.82167334790766,no_hand_wash
3.9457946685675127,10.236107191337153,6.8695147,10.958159164156067,-0.5478273055152276,8.509825362479656,0.76101745,8.516656775993303,4.38076730965152,4.632144653317688,4.5170068,6.371297161368819,no_hand_wash
3.238874878451779,9.392909637202484,6.2953088,9.924370819644388,-1.3716775271954316,6.740419758099698,-0.5173242,6.870185216944466,5.501311221624365,4.004577733335937,5.30436935,6.801497323410281,no_hand_wash
2.051152116159791,10.415851548420564,4.3421703,10.602715462296775,-2.4924036130902065,7.383317140413789,-1.32025455,7.783633430798264,3.8484260078092802,6.356650767052382,4.7858478,7.423829869827543,no_hand_wash
3.7372152174517765,11.10070447507983,7.40240675,11.699558196510532,-1.6602348307309642,6.054080835797066,-0.631686425,6.27018734536037,2.7469567078959396,6.261655202451364,3.5607953,6.830416057019737,no_hand_wash
3.293872794913271,11.261759194819495,5.650449999999999,11.719781539099907,-2.9379191642806095,7.397693473623468,-0.77059755,7.950951574343451,4.144049760283162,4.747394081643801,4.19248185,6.297094942946347,no_hand_wash
3.2387493423281257,10.789883771513527,5.74086165,11.25201794686397,-4.685727896796872,7.587418640636411,-3.6559973,8.909267561610047,0.22220354001562515,9.974527038049446,2.9207263,9.964008852179242,no_hand_wash
3.490358132695655,10.498104680476297,6.404282,11.050381633804218,-2.6674269849404086,6.522793789147711,-1.8190173,7.039402679999961,0.6334979644398974,10.133885536381092,3.7158728,10.140725173765249,no_hand_wash
2.4368457489294566,9.83109644991819,3.7685633,10.116270648201873,-4.213439660575453,7.486047986388667,-2.6728418,8.581910024192867,-0.20016362257622736,9.17850723689945,2.459685,9.168826165206982,no_hand_wash
3.3145213883609834,10.009085408822598,5.557643,10.531333015279975,-5.301316943217048,7.472951626678387,-4.3002577,9.154488789986699,-2.148168538196383,8.751255667689936,-0.123343505,9.000067284612188,no_hand_wash
4.646256055316458,9.03550590624144,7.635322,10.149944721027666,-2.8503248664283576,7.207756696791818,-1.4346167,7.742388843883803,3.8733983842658244,5.590932493557645,4.646338,6.795778519163024,no_hand_wash
4.763975805832155,8.964431025812525,8.01613,10.141648952004564,-1.5727699120764556,6.445192811123122,0.067060545,6.626382853400617,5.4563547130126615,3.580458755870273,5.2235374,6.523728746523436,no_hand_wash
2.992925280885195,8.637110021995422,3.1722033,9.130361761376577,-3.765440388276883,6.062359517629765,-1.9603235,7.129886673106081,1.8271728436467536,7.684972385012538,3.5482213,7.889484246577565,no_hand_wash
3.19491252820026,8.394994770239968,3.5841467,8.972198664368145,-3.901275312650911,6.348704445662741,-2.1004322,7.444548755253848,1.2125952849454584,7.655694133644694,2.6105714,7.741305260026971,no_hand_wash
4.740521735000005,8.739289776971338,6.4707442,9.932466283689553,-1.3113765289010155,6.75970434506149,-0.38260438,6.877305985772715,4.5922128884263955,3.57635462786303,4.46192145,5.817754628288985,no_hand_wash
4.241983841573605,8.756718259314463,6.81023785,9.720078292112385,-0.6994824756007609,6.722273393251575,0.6167175199999999,6.750077223002316,5.5290788762690335,3.2028894194902247,5.391189000000001,6.387736457450999,no_hand_wash
4.112493561713553,8.833116751929458,6.7695227,9.733293640907702,-1.6998084486411769,6.002167109953034,-0.735271,6.230828247098548,1.4596694528866985,7.743321110803231,4.1098537,7.8699624430359325,no_hand_wash
4.1797623535703305,9.761823171933012,6.7695227,10.607539223106933,-2.044535067710997,6.022502276368506,-1.1567944,6.352786301989409,1.1165262487332483,7.725301958443903,4.0116577,7.795786438812114,no_hand_wash
3.2767180253959367,10.552621662174044,6.653963,11.036850587555003,-1.9146509388248747,7.278877571202528,-0.25686584,7.517544458392238,5.216249188890354,4.130895866895687,5.378615,6.650582369684681,no_hand_wash
3.573019123820515,9.23249037946929,4.14757515,9.888719989916927,-3.238542322671796,7.1977237334050415,-2.056723,7.884322689661836,4.232816252212303,5.697210054559111,4.91458,7.091664802480958,no_hand_wash
4.32326509202564,8.937055177568658,5.2786232,9.91749862524257,-3.1603388099676937,5.64425282824584,-2.2004242,6.462479806914048,0.16502300306666767,9.141135751177217,2.8853998,9.13090017864742,no_hand_wash
3.612856244138462,9.946788192341387,5.2983820999999995,10.570602484158787,-3.5350242429035923,7.0652166992247265,-1.8603314,7.892128379677585,1.6052557266443603,8.819097624779566,3.83143255,8.95287115868685,no_hand_wash
4.160661295883544,9.90401171020971,6.6988697,10.730900365705114,-1.015460976949367,7.120850306943428,0.6143225,7.183961245754664,4.751967348914683,4.334923219763351,4.2559495,6.428466336420595,no_hand_wash
4.627246794912286,9.193317581074991,7.890392,10.281861639385736,0.35004500987468623,5.218159132536717,1.5388,5.223358370881364,4.690210559974938,3.6739467273823396,4.287085,5.9550088470079725,no_hand_wash
3.8815283255102555,8.472415608540542,6.3396168500000005,9.309351879741794,-3.1071048872051272,6.703152417732019,-2.0782782,7.380456775296272,1.5630081662661537,7.447366876202177,3.715274,7.600266731836353,no_hand_wash
4.1138083571512825,8.835633892187202,6.88747735,9.736101377047342,-2.8693377931094863,6.411146547325045,-2.03516795,7.016445512311842,1.3422549209584613,7.295950142558705,3.578758,7.409186682618525,no_hand_wash
5.165461473943302,8.973166664954595,8.613088999999999,10.343703028362002,-3.1589196604270615,5.701306575400185,-2.3650818,6.511520143627066,4.138004256309277,3.728189241089425,4.3254055000000005,5.5665654635128625,no_hand_wash
4.75518653533854,8.499917145809704,7.6670563000000005,9.729966243406718,-4.218954765766404,5.821298883654999,-3.6158807499999996,7.1832340388311,3.93241937115364,3.779633336729945,3.8966968,5.450903421826309,no_hand_wash
3.2622399490932614,7.942482450940567,5.0163684,8.576818141748035,-4.1855789394878204,6.709946024631379,-2.972818,7.901000306453723,1.1041381336909337,7.65451459759233,2.74828495,7.72391889195097,no_hand_wash
3.523680223979325,8.74844247784175,5.3899913,9.420923660447333,-3.878254511328167,6.553212662048539,-2.9111462,7.607528264807742,0.7905049763591712,8.04273914192569,2.5734484,8.071146426176188,no_hand_wash
5.398810884227039,8.691085979860205,8.2921565,10.222007787558987,-2.536704477410715,6.705606110327012,-1.59807675,7.1613766755302395,4.164783157623216,3.9544796495521783,4.52838315,5.739637220502902,no_hand_wash
5.350953859586297,8.355113839466291,8.465795499999999,9.91279259328474,-1.4241278424162436,6.842684134006087,-0.5616321,6.980804242926489,4.864622035880708,3.3791821925541807,5.0726514,5.920678840562521,no_hand_wash
3.3181525058571437,10.357378427334353,6.5946865,10.863542864484538,0.745706429090978,4.441732342174999,1.2681628,4.49840173808548,5.183065376817042,3.9625751491545076,5.013973,6.521258707109747,no_hand_wash
-0.09646047968094014,12.352964467601113,0.3915857,12.337204443772698,-2.753012412280159,10.302416675248793,0.51013917,10.650903215468404,2.0310547542394226,10.079985020252034,3.766168,10.269663643474146,no_hand_wash
0.3605970834795923,13.313585333272973,2.38424195,13.301481584779749,-0.4480611019132674,10.778001428944203,2.1148022500000003,10.7735664227121,1.560599640825765,9.814746279325306,3.22010385,9.9256726672696,no_hand_wash
-2.1948583387919802,12.996532403721716,0.6873706,13.164494850909746,5.83221769363409,5.661995771891366,6.8509536,8.123583752917272,4.008527380067665,6.01229591688495,4.2176294,7.2197921164048084,no_hand_wash
-2.8128964440150384,15.102234206616222,-0.05867798,15.343345192111235,2.893765829912283,8.277515722440434,5.8246875,8.758962537943468,3.5745336344110257,6.588093252773048,3.5757642,7.488089478001099,no_hand_wash
-4.163311152291667,12.651597962883093,-3.51409245,13.303355223991694,-8.2477736989349,12.55159876343839,-5.82049625,15.005270248736318,-1.5326285289515624,11.311134271749152,-1.6244220500000002,11.39989153713748,no_hand_wash
-4.493286116430444,9.215492065487542,-3.7098854,10.241680189257316,-9.0573981483622,13.506135303334515,-6.4725404,16.24725732882839,-2.871798166300265,11.64280617256531,-4.0631504,11.976909995796836,no_hand_wash
-4.770602090477923,10.281118470469451,-3.0895753,11.321903206898284,-6.155137957229358,12.583575502644695,-4.3960586,13.99359876601599,-1.7648090285324676,11.452460839553302,-0.9592053,11.572931254739283,no_hand_wash
-2.216462398835508,11.116808347768286,-0.18202148,11.32137188114175,-5.456923785935511,11.384057972049572,-4.29906,12.61096429038781,-0.513522217161879,11.362340003980558,-0.041912843,11.359110549784624,no_hand_wash
1.7217063686292402,9.71225542742127,4.4966493,9.851187306500426,-5.544526478211492,8.537300865895384,-4.6331654,10.170397158418425,1.7742936147519586,8.92256411443519,0.75203615,9.08583532676903,no_hand_wash
1.690732530407895,9.729624669861819,3.9463935,9.862811602972053,-5.343770700355265,7.951487268541295,-4.3834843,9.571606473056699,2.2780890067052657,8.123068689542638,1.28792175,8.426167082824216,no_hand_wash
3.819437489488492,16.551473481952296,6.678512,16.96581075322647,-0.31236322513810627,12.805751343383012,-1.0669812,12.79317917786036,2.031751443861893,10.12320050323551,2.997367,10.312376411248358,no_hand_wash
2.3640553619699256,18.388421867797575,7.4389305,18.516893982553643,1.274744653160399,14.76055837265075,0.37122804,14.797060757754355,1.8047972929097744,10.470147610177998,3.368595,10.611622750684827,no_hand_wash
2.6354960275892867,17.96608529444884,8.450228,18.13567316611707,0.7907413838489794,14.230928132648305,0.7274872,14.23474469549075,1.7379746216446412,9.018143288244616,3.2889606000000002,9.172785702817569,no_hand_wash
3.4265428500994894,16.943318201164363,8.104746,17.26513512122049,-0.7349807565438774,13.817308116183845,1.25139765,13.819231692342294,2.2014353327058656,8.697728634288994,3.25543035,8.961239590189884,no_hand_wash
2.8756787313164565,16.0154148263445,7.5035963,16.25157498712658,-1.0582833480506335,12.745827790828523,-0.29817992,12.77359809867158,3.0442365635797457,6.167496682940532,2.884801,6.870887338337065,no_hand_wash
2.3459984031410244,15.791175288739735,6.5258293,15.944451629684485,-1.5517208757179488,12.15974148744303,-1.05919738,12.242876470580185,0.8199257232897442,9.200489018545861,2.21180055,9.225195263993719,no_hand_wash
2.68662410810705,14.98749101246701,6.291716,15.20711504499861,-6.464398416798952,11.364141348854321,-4.9385304,13.061200773595628,-0.928192029323758,9.335978041002553,0.97237796,9.369869441722905,no_hand_wash
3.673024815180414,16.81399614960041,8.82504775,17.18932641463074,-3.7704859857835062,12.158661057138744,-3.5775604999999997,12.714896393011848,0.8403246839252588,6.82933865511749,1.6298107499999999,6.8721034770503975,no_hand_wash
2.8131115331489873,18.703857698303647,7.680228850000001,18.89073807451381,3.064223858667509,12.899437341243468,2.4034021,13.242455513006286,3.418042393213196,6.971932454111847,3.05963745,7.756770319454675,no_hand_wash
1.7856371290043487,16.901970347241292,5.132527,16.974524172442216,0.4767283091432232,13.165625964910548,1.0166858,13.157418751981249,0.6951896392992298,10.533946185560145,2.4920177,10.54341099557284,no_hand_wash
3.6414677360052226,13.770197027480503,6.3527894,14.226156418178682,-7.4148147730026075,11.49197525751399,-5.6809864,13.66382651059408,-2.4916989209138367,11.084166633613275,0.41912842,11.346652962357638,no_hand_wash
4.160561624127936,13.527579127834102,6.9599266,14.136048787323418,-8.11242203814621,11.64589383616755,-6.436615,14.180413163377843,-0.73265711832898,9.195451255847779,0.70293826,9.212618333586294,no_hand_wash
0.7531472281726811,16.87555597443804,4.4936555,16.87061468377856,-6.675854615133246,12.995842494148713,-5.467230900000001,14.595330366799246,2.0289302661572166,12.720023861060659,2.2968237,12.864624258050222,no_hand_wash
0.8825341659948989,17.9712437929115,4.5319758,17.969991045430056,-3.366203039621687,14.406855858457412,-2.6333239500000003,14.776986676006093,3.268065218313776,12.250502842991231,4.01405265,12.663815627564867,no_hand_wash
0.8405936818133001,16.41462164790017,3.817661,16.415154498936666,-0.6097468908542213,15.10438759882966,2.4465125,15.0973782918953,1.2255792926445015,8.705787928777832,2.718347,8.780600767877036,no_hand_wash
0.7974802553682863,16.05744876474743,5.292993,16.056718033346172,-0.6150116245780053,13.778676588640831,1.0310559,13.774781777882696,1.3969334238465463,8.774812610708725,2.9853919,8.874223076406025,no_hand_wash
3.2751770626329093,13.392349080118004,7.8736267,13.770538673161868,-1.1137356062177217,10.12553944709138,0.33530274,10.17385842300634,3.8623782758683567,5.8064914486409025,3.812871,6.96763615514254,no_hand_wash
4.125205875544303,13.036187164772686,9.467512,13.657571744426845,-1.364582064078483,9.72607479301993,0.8262817,9.809135038356855,3.688148195374684,5.033641608152091,3.747008,6.235049258797645,no_hand_wash
3.646057092280701,15.318163373412238,8.469987,15.727421146457568,1.2111566039050123,10.56509137175005,1.5627502,10.62112535199081,3.815233093218795,6.080908960950815,4.430786,7.172222948582847,no_hand_wash
3.4173087244611557,15.418154542739517,8.048463,15.77344921784176,1.2199683562634087,10.66944489807721,1.3340259,10.725673467086116,4.311575358745113,6.47714671228932,5.2139573,7.77418582018254,no_hand_wash
2.1208888650646,16.51660997123986,7.0341725,16.631045339391274,-0.8841056634496125,12.51145978028523,0.43110353,12.526523111086481,4.464266858604649,5.68549420330338,4.4715014,7.222949272359753,no_hand_wash
0.7958922193139837,17.048269963828048,5.1433043,17.044356361214522,-3.656104747493401,13.43815841662421,-1.3340259,13.909519342980218,1.0008401058575203,9.72266560026503,2.8345056,9.761274874201089,no_hand_wash
-0.3313338542449348,14.904674967694525,3.8200562,14.888992805207808,-5.544355130016366,10.44958892397269,-3.5170863,11.817366963318253,1.7840998261116876,9.998002865426683,3.8583765,10.143147290844317,no_hand_wash
-0.5224159638156808,13.047689772523658,2.264491,13.041375932036749,-5.833670338987918,10.558684585924516,-3.6332445,12.051179770887506,5.064767510830335,5.656060607972763,5.459447,7.586873691432052,no_hand_wash
0.6654429332236499,13.283915917013715,2.8452833,13.283508779029399,-5.375178017374546,9.816102037715522,-3.1051428,11.18037103569193,5.480962197002572,5.147887306425734,5.1672544,7.514889554706604,no_hand_wash
-0.7145162127814909,14.796788910024642,1.3567786,14.795021289161854,-5.263298609506428,9.950824637843462,-2.403402,11.245740344546682,5.962244117953725,5.273582035859501,5.210365,7.955345981950334,no_hand_wash
0.5239490020539842,14.813308659015709,2.102827,14.80353126811509,-4.743345440466071,9.838335414829142,-2.6129663,10.910698644503924,1.219686805329047,10.865359249334176,3.1362782,10.919715269993313,no_hand_wash
0.5024030369794352,14.745884662162055,1.9746937,14.735486035215333,-4.91953946132905,9.812728836189747,-3.0153296,10.965581812990857,1.1120494563573255,10.851632854739963,3.1422656,10.894579844061385,no_hand_wash
1.6886204422268543,15.20835406334438,1.9746937,15.28247124884289,-3.880268523257546,9.6117506722224,-3.0764027,10.354030814349297,1.148666052976976,9.56143197745303,2.5087829,9.618035241612937,no_hand_wash
3.8291924831230966,14.165582736170247,4.7439348500000005,14.656641856516258,-1.9270181035119296,9.923763559430636,-1.1047028,10.096758389055907,1.419571848309645,9.569391885762805,2.60997245,9.662092208807222,no_hand_wash
3.3831585486815388,13.065146394678424,5.4205279,13.479841422338662,-2.1390809815256424,9.94123543024639,-0.64426025,10.156299709137661,2.7944136116948717,8.70909499664354,3.80149475,9.135786785046866,no_hand_wash
2.5871797614845384,12.818725580736997,4.98702925,13.060999968810757,-3.022804774561857,9.20701877376865,-1.2046949,9.679259584271572,2.808712860801545,8.438946271628991,4.2278082,8.883756874039808,no_hand_wash
1.8095317509414761,12.85223731455454,5.892946,12.962796912457987,-2.659434571992367,8.752024342213552,-0.6514453,9.136499146548747,4.964055809949112,4.496611364074033,4.4427614,6.694020817071229,no_hand_wash
3.2456835783762883,13.195502966648505,6.40308465,13.572287729060767,-2.7399517207061863,7.7561085904233975,-1.14841185,8.216417194592488,1.52887122098196,7.6001645987806095,2.78241395,7.74280806369717,no_hand_wash
3.4823801396632144,12.29026856726648,7.577243,12.758775404869137,-4.070000636634715,8.792655326059117,-2.04055665,9.6786055736537,2.560911886455181,7.573904252607182,4.594246249999999,7.985842713984041,no_hand_wash
3.0456011770332463,12.43191873480546,7.7251353,12.784092253960312,-3.4072613672864454,8.682643724367155,-1.0585986,9.316915965739963,3.973478287648852,5.887897153986055,4.970863,7.096985229155098,no_hand_wash
3.665160710206189,12.645806610721548,7.7041790500000005,13.150576874544143,-3.5710574539690683,7.537886301596813,-1.6561560000000002,8.33221090902797,0.08925459383582399,7.942234938517183,2.1351599500000003,7.932495648400992,no_hand_wash
4.296189145090911,12.34541738175278,8.491542,13.056442973092402,-4.26872106347792,7.835680232213258,-2.9207263,8.91405570961271,-0.9858273630875326,7.754037079460678,0.5149292,7.806457426506191,no_hand_wash
1.1451721047105958,14.622114143756303,5.413942,14.648043225102768,1.3520813839733854,11.726420131946155,1.3352234,11.789051401598805,1.3740388202739022,7.868911812526482,2.0609143,7.977954398165542,no_hand_wash
0.7683277594362258,14.644864524006428,5.3917877999999995,14.646339538540744,1.6405211916204059,11.536168674957757,1.004111965,11.637654383484401,3.517486392443881,5.959105600268175,3.4164953000000002,6.91325255900991,no_hand_wash
4.166579416341841,11.253550945455562,6.7024623000000005,11.98664780266153,-5.3444036288125,7.863200228239923,-4.108656,9.499201997791117,4.118003898566327,3.513401002922699,3.5757641,5.410217459048414,no_hand_wash
3.790663555549867,10.168080597246295,5.7145166,10.839491179079497,-5.885056098650897,8.657026627634565,-4.111051,10.45879163193149,4.240418819122762,3.637999512214355,3.598517,5.584115239151869,no_hand_wash
4.6425698722269955,9.655533023303216,6.730005,10.702481437785616,-5.157101966859896,7.985543508185914,-3.578159,9.497403617324323,4.63789068260411,3.9913107334553732,4.242777,6.115524405548283,no_hand_wash
4.822644114435398,9.85548194982226,6.842571,10.96072248761111,-5.612762309408273,6.692084516313818,-4.336183,8.727621382578432,1.731877618873381,7.689808616357884,3.4715807,7.872722387383928,no_hand_wash
1.4449786954066828,11.037632477250224,3.0895753,11.117738447765262,-5.719282030907452,8.401614767592722,-4.548142,10.154597960163066,1.9642854234987135,7.691520390885702,3.98172,7.928797021471977,no_hand_wash
1.8537849203913033,10.68045739067082,4.3685155,10.826677418511608,-5.05723688379284,8.384532336353278,-3.6080968,9.782445043212341,2.914472298992328,7.177183291118677,4.58287,7.737852714590707,no_hand_wash
4.9909695442711035,12.128726301926426,7.489226,13.101127757391328,-1.7790431644552447,7.932289811106258,-1.8525476,8.119439167075802,1.7445787695542199,6.924393381706053,2.9303064,7.132191221300349,no_hand_wash
3.9626180024074196,13.1599096559034,7.4880285,13.727441121444414,-1.345725329874681,8.754937096361667,-0.57001466,8.846686790665172,2.3540009929813333,6.492627087995272,3.1494508,6.898385021792883,no_hand_wash
1.932965719492931,10.627257110732646,3.3362621,10.787923776218964,-3.3145878812958154,9.752142600757447,-2.69739065,10.287945082993149,-0.7901464094057583,7.92788854270689,-1.0813513000000001,7.956834520669029,no_hand_wash
1.9173037977206266,9.703963170547771,2.1555176,9.879123872352945,-2.970196268843341,8.809862699278531,-1.9770886,9.286177898870996,-1.1022717814438634,8.612151050505638,-1.6034656,8.671245335874024,no_hand_wash
-0.6486347266272492,12.441227374128768,0.49576905,12.442144626771539,-2.3118895579503866,6.174629328099506,-1.2070899,6.585808246761748,-4.373222543740361,10.898797437489284,-3.7577856,11.73045200430159,no_hand_wash
-0.41459018429230793,13.281911470891405,1.10769655,13.27134982322559,-2.1119251521838462,5.9903333115400805,-1.1879297,6.344470863392125,-5.899608614807694,11.788794378729357,-4.8169830000000005,13.169081472624928,no_hand_wash
0.8270969299234839,12.34730646119741,1.8214123,12.358713835351507,-4.406491526490772,10.551264525522758,-2.5399182,11.421585096394667,-6.155168577598947,9.806570088924195,-5.0331335,11.567245720023818,no_hand_wash
-0.2173542674192707,13.014474457660889,0.7155121,12.99933473424712,-4.434989878463539,10.767442896346177,-3.0620324500000002,11.632069477307327,-3.2939876028776016,8.179916427600984,-2.5866210499999998,8.808356237647029,no_hand_wash
1.2141244380769232,13.665740521043823,4.47210025,13.702106030383408,-0.9160090091820523,7.153699959618491,-1.14541805,7.203004691344241,0.7573051656102566,6.685393206238428,0.49038026,6.7196273854400435,no_hand_wash
1.9142301813178317,12.329977279628672,4.230802,12.461933189361332,-0.6538465278191213,6.625923062421999,-1.1376343,6.649581012185398,-1.1810014783385012,7.882425743544469,-0.9352551,7.960329807761048,no_hand_wash
2.845774479910257,10.838287246321183,2.5806335000000002,11.19221611737535,-2.3290275279315384,5.848104521131191,-1.6681311,6.287845622396563,-3.1007734299033314,8.540882300103117,-0.67898804,9.076035675504432,no_hand_wash
4.114908287704368,10.755276467833054,4.2367897,11.502655109961562,-2.2994742553812326,5.074019241913947,-1.3603711,5.564806274576947,-0.7761863985920311,7.51441231153611,0.7807764,7.544779645031154,no_hand_wash
4.602653312466667,8.70007528773472,4.2469684999999995,9.832682606742171,-2.8650206195148713,3.7375784977564432,-2.48243775,4.705530465765492,1.3763747496556418,7.512481265901069,3.0356872,7.6280450316345085,no_hand_wash
5.256356624213194,8.81518515798011,3.80329095,10.253757711200489,-1.7399847276873102,4.630501026599701,-1.8705102,4.941119959913699,1.4456009736185274,7.621592570351397,2.78900015,7.747967623988669,no_hand_wash
4.019785894430051,9.024414549666274,3.46020445,9.868523293541047,-0.21624978768756475,7.4340685281484085,0.2652484,7.427581322715841,0.6603707771010362,6.643639757323744,0.98794557,6.667810117994054,no_hand_wash
2.9681081147401573,8.838840941883161,3.1925611,9.312879371958738,-0.87069960854567,7.784598217295036,-0.4682263,7.8229810286889325,0.15021360208320217,6.761564525586374,0.7244934,6.754355796674618,no_hand_wash
4.648160882595799,8.499499879648178,4.9385304,9.67766953161381,-2.5129506894965883,5.310087584165658,-2.203418,5.868385073101292,-0.5417804289167967,7.251406640839969,0.25147706,7.2621216904993675,no_hand_wash
5.794365303902627,7.741239560375918,7.247927750000001,9.661457298328944,-3.680439143570262,4.426735349573494,-3.05784115,5.752395132538998,-2.0123615723249997,7.17489407490705,-1.2502002,7.442663015009871,no_hand_wash
6.947649984964153,8.089251451181935,7.63652,10.655321006244918,-3.0789686944329886,4.836279611496757,-2.2776635,5.727905070166328,-2.6717189526846745,6.98451925331385,-1.8106347,7.4695971075112215,no_hand_wash
5.989523038711108,8.992526760996133,5.9001307,10.794951083775215,-2.197250950301549,5.247687730843888,-1.4477893,5.682867238550217,-1.2775974987689924,7.0350490042314044,-0.6394702,7.141168236138928,no_hand_wash
6.045506419511568,9.033832633411178,7.532336,10.860409073000476,-0.07106557858869007,4.066941567152459,0.19399658,4.06233242259187,2.148766586042931,4.224555711372803,1.7603394,4.734785101156701,no_hand_wash
7.402553216173465,8.425390991030785,8.522677,11.207315362746066,0.29182579410204107,3.2136430342619193,0.282013555,3.2227811248267906,2.155713096364029,3.71408800026664,1.7753082,4.290263244245392,no_hand_wash
6.285054962711,8.599948602146101,6.143225,10.642926199809692,-0.20272218018849109,4.425691350247615,0.2203418,4.4246747039480105,2.974574450264704,3.7822147686161425,2.7243347,4.807978333813267,no_hand_wash
5.893797399845363,8.819994785491797,5.5438714000000004,10.598521602908106,-0.267794664970876,4.4644134434015985,0.27422974499999997,4.466691488339147,3.023039339318297,3.7933882713894143,2.84468445,4.846800421427956,no_hand_wash
6.030327029113996,8.633762481882298,5.052294,10.522215771469314,-0.13783549824681945,3.837505756598116,0.16765137,3.8350980655584186,3.2122513883061035,4.105004648616321,2.6225464,5.208334102524061,no_hand_wash
5.962847110591318,8.798593716445604,5.00080085,10.619477819797536,-0.4797126317219385,3.8685638745367914,-0.38739440999999997,3.8932932889448533,3.5592861799089266,4.491437018251616,3.4901422,5.726260808604897,no_hand_wash
6.659492903979054,9.01682099294039,7.6113722500000005,11.19995854095597,-2.348137969065447,4.481105290102535,-1.3310321,5.05385895136463,2.944964917895289,4.434695964899129,2.91294255,5.318633622496175,no_hand_wash
6.13227198384817,8.736367437039284,6.7850903,10.664383448098503,-2.4240701171020946,4.557909125383727,-2.15791255,5.157156961626133,3.2202103418481696,4.038646840920286,2.955454,5.161174756472741,no_hand_wash
5.660748422356409,7.185798637657834,4.9768507,9.140425347111696,-3.7773603291346176,3.4604829100278782,-3.7571868999999998,5.11983281438986,1.7004178010384603,6.293661762363346,1.94056455,6.511530888905987,no_hand_wash
6.017573014688145,6.69570911534652,5.70733165,8.996007881890849,-4.701623953331183,3.2631589814774506,-4.28708475,5.720666963357508,-0.30277861741237044,6.795354822502639,0.07963439550000001,6.793343032865487,no_hand_wash
6.366231818523312,7.700084569293856,6.773714050000001,9.983316359364755,-3.0280616594041447,4.506451559856164,-3.73144045,5.424449410012566,-1.7272775420103614,6.637013840272505,-0.98914305,6.849767979619107,no_hand_wash
5.449307880714286,8.170866181087339,4.4984456,9.812629444466229,-1.444022662839289,5.2138073858810845,-2.8380982,5.403669356214116,0.4987902979464294,7.066527751777949,0.6777905150000001,7.075112645475737,no_hand_wash
-4.3242599666666655,11.523036541613275,-6.28513,12.293865661726175,-3.029211492187178,9.267398618663721,-3.14525935,9.73861295568795,-1.5343815631184603,6.576360225664265,-1.445993,6.744771825181574,no_hand_wash
-4.7445024361096655,12.01545781306755,-6.724017,12.90366542699804,-3.794552018877283,9.429551609802864,-4.091891,10.152975463863436,-2.380561879781201,6.493613564869697,-1.7387842,6.908255593335958,no_hand_wash
1.5175216956872744,12.145008412100774,4.2200246,12.223787520678615,-2.1260059766025967,5.932245481466308,-1.9986438,6.294444477214759,1.3304893366441561,6.760678027104919,0.27183473,6.881733094560947,no_hand_wash
1.8148676035208242,12.385032110283571,4.916975,12.501537847133841,-2.2605074725475567,5.0742685188048595,-1.9758911,5.549045349094113,1.2147489752390754,6.3804249299834055,-0.63468015,6.486970391526798,no_hand_wash
5.090610923306705,13.702943593278153,6.695876,14.601405332535967,-3.738520560796393,7.71113555568434,-2.7476861,8.560659785638947,-1.0986719993994847,6.470336104593207,-0.91609496,6.5547257258857545,no_hand_wash
5.138976871925836,13.772315362223292,5.9540186,14.683345911362093,-3.4469568257442487,8.201319431455842,-2.6129663,8.8865700424586,-1.0252521164662411,6.488532841377912,-0.18681152,6.560832644923642,no_hand_wash
6.443275354407215,12.150227511279882,7.0341723,13.73911719357697,-1.6398260430953617,6.482487023251737,-1.3909076,6.678574824779807,0.20494084373376287,6.5389555210301555,0.9460327,6.53373853019395,no_hand_wash
6.495046052757728,12.956768013802291,8.117919,14.478632040091643,-0.7262032716881448,6.794632846008589,-1.02746335,6.824618633956141,0.19424658568556716,6.215075756569209,0.9220825349999999,6.21010014755782,no_hand_wash
4.340068607377551,13.499831369874247,6.44859005,14.163923562246254,-2.00718523964158,8.740328830920635,-2.37466195,8.956967102143242,1.0576455118571426,5.696473294915956,0.671204225,5.786677968056804,no_hand_wash
5.122060804086737,12.805356078404454,6.5282245,13.776586737429682,-2.0835020273923472,9.389373119817337,-1.92200315,9.60606108071573,1.2433542174438783,7.173497434029345,1.11488155,7.271431909875023,no_hand_wash
3.304418775916243,11.586368320260814,2.7680438,12.034217617389551,-0.04494001942791858,10.37181612747533,-0.854423185,10.358743045587289,2.7787818738147214,8.300461244882424,2.8345055500000003,8.743249878083109,no_hand_wash
1.8993336016992275,11.71454901284566,2.1148024,11.852651545637343,-0.6095540005817467,9.5154780205229,-1.0645862,9.522768309980634,2.115033105721596,7.576579454080099,1.9722986,7.856866532467759,no_hand_wash
3.8172466084615384,12.20390923121588,5.18761265,12.77203533314869,0.24477097699179529,7.846818135427723,0.7250921800000001,7.840573278522712,1.3592380514069216,7.459543811384829,0.70712951,7.57295470709491,no_hand_wash
4.008653350810128,12.016415554415337,4.637955,12.652983419666386,0.7299200814425322,7.652167843840188,1.2537928,7.67725301303804,1.0282425111417708,7.5925694005430735,0.69575316,7.652349359045942,no_hand_wash
4.392239190473146,14.823156662869517,4.2080493,15.442013455081403,-1.2596638751560099,8.68706009465659,-0.5676196,8.766912855617127,-0.6349160099790284,6.964204299417836,-0.64545774,6.984212094509116,no_hand_wash
5.921438899961338,14.9623445689935,7.6987901999999995,16.0735249583899,-2.122971848425257,10.024067775311195,-1.6166382000000001,10.233766177442602,-0.31362411724433026,7.509397655829492,-0.34488281,7.506269078206263,no_hand_wash
3.7559924273232337,15.84212183236041,5.6199133,16.26181212250043,1.1000306496464654,11.832852516012634,-0.098195805,11.8689885555409,2.8665117805303004,7.756836644799239,2.9213251,8.26035494565738,no_hand_wash
2.260804926851386,15.848424342319646,2.8345056,15.989093676401085,0.8958609782871527,10.732507188947698,0.11256592,10.756353220560928,3.446333564100753,6.994993904016349,3.1111305,7.789987518208359,no_hand_wash
0.3786183587870131,13.22400693134994,0.41912842,13.21224780523299,-3.303422419306494,13.011284211006293,-1.7244141,13.40769902256341,2.108721370729871,9.53315293175915,1.2825329,9.75149506904998,no_hand_wash
-0.9668134185896096,13.096146998509278,-1.0777588,13.114812857943708,-1.6277547611766237,14.531570214802159,-0.8813672,14.603685629634711,2.584440679150648,10.625207038050505,0.9089099,10.921589829111559,no_hand_wash
-0.9939238512268039,13.540374829292182,-0.77658507,13.55939175829533,1.2452064748453613,11.203081136555612,0.410745845,11.257712433867583,3.1077909228239693,9.138525233187908,2.2022205,9.64135722218883,no_hand_wash
0.5353574724461526,12.856453910475137,2.1417463000000003,12.851116618678702,0.38375274594871683,9.466846022930591,0.149089965,9.462486032265424,2.0488501623171786,7.955997858604334,1.8423688,8.20569232917691,no_hand_wash
4.951602800454307,11.187708389134283,5.1145644,12.22114512636917,-1.9844206402088773,6.361681062865464,-1.658551,6.656068122570024,-0.6912101517336824,9.41911625710306,-1.7076489,9.432172511146518,no_hand_wash
5.994068615772609,10.390695563025657,5.835465,11.98400723921967,-2.182859170775195,6.702534408494873,-2.088457,7.040792501781566,0.9342216159715758,10.140842054479192,0.17483643,10.170728575309353,no_hand_wash
4.882602034636706,9.322458718017725,4.3757005,10.513230632196754,-0.2898822656721522,7.985605746888165,0.4430786,7.980757363185503,2.185491717374682,7.949505533542502,1.2490027,8.234745038472228,no_hand_wash
4.6164759451278465,11.95335364357639,3.98172,12.799718169504908,0.19887149255569614,7.783166593438813,0.83945435,7.775851777841448,0.10950697265316449,7.151856737713342,-0.46104127,7.143637399523355,no_hand_wash
5.370955133421187,12.471673693455653,6.370752,13.564213386063445,-0.5494589645736436,6.524465530745787,-0.05628296,6.539155840230359,-0.25789162048656317,5.528427003162973,-0.7388635,5.527299318090917,no_hand_wash
4.458416224466148,11.006546559092083,6.0025175,11.861958651356396,-1.9141164865885438,7.7503093046150315,-1.0801538000000002,7.973375132013711,1.160349536840365,5.289663861145159,1.3819263,5.40870491080495,no_hand_wash
3.644232993821424,14.238745281346965,2.8877947500000003,14.680092052148511,-2.8584374803979586,11.039590295491307,-3.1219079499999998,11.390009629033479,0.5801965327474482,6.777693643431058,1.06997505,6.793862861570554,no_hand_wash
3.970811690362942,14.663568544829195,4.12781625,15.173722394100105,-1.2585371584822345,10.917420205778763,-0.79035647,10.975949474927585,0.799754159944162,7.015974063563128,0.764011235,7.052557340478992,no_hand_wash
3.162305439768043,16.837747841427415,4.42300225,17.11079287548679,-1.5316674373814425,8.837113844272489,-0.57360717,8.957639842158153,3.430069188654641,8.794832827552522,1.59208925,9.429480674622415,no_hand_wash
4.2535764464507775,17.88234747956798,3.5362463,18.358726062583802,-2.1260048358497405,8.286907441609015,-1.3298345999999999,8.544871128871875,4.082205295575129,8.985740268451833,2.3734643,9.85894254585655,no_hand_wash
5.383204546940723,14.165321130248305,5.1474958,15.136646208666134,-1.3770868546958772,8.71272233397348,-1.8058447,8.809781518283637,4.106282604518041,7.273543969848684,2.82312925,8.344438091037427,no_hand_wash
3.771206320215597,12.353918304009504,4.3517504,12.901587649887462,-0.7518676852480819,10.695460621737384,-1.5256275,10.70820330504197,3.055591664406648,9.029455130997942,1.583108,9.521511489640366,no_hand_wash
2.296501299819487,15.58843198009678,5.0079858999999995,15.736901058233899,1.40862153088718,14.15698996157503,1.3028906,14.208824054727556,1.485664390684615,9.985699154314794,0.89633608,10.082941479455666,no_hand_wash
2.0399609508930783,17.54546549640277,6.1528053499999995,17.641299788259097,2.9865126186307687,15.106637542815598,4.03441035,15.380006513280618,2.0971036600948723,9.27342840154228,1.8758990500000001,9.495989379701857,no_hand_wash
1.9282893653944024,21.02920364570349,7.389833,21.09076682518131,3.4212397437888087,15.650452158290557,3.1207104,16.00057141676881,1.139334536206107,12.34573504553827,1.8884729,12.382545256982024,no_hand_wash
1.3889296970179965,20.388467516532288,5.8905506,20.409559587588163,1.4866114314370196,14.647653377346964,1.5890955,14.70415624766714,0.6183675522596398,13.228833674124889,1.6477734,13.22628224773937,no_hand_wash
-4.50164233511392,18.481977960583286,-1.472937,18.999566433756115,2.2958384676962034,18.698140230733145,0.92807007,18.81505267862581,-0.2531838672313927,13.718826487850148,-1.1567944,13.703788924288197,no_hand_wash
-5.951746576716789,17.492341099723326,-5.3145485,18.456392179654827,1.5912954299999997,19.63866387875502,0.8250842,19.6784839550103,-0.7758902821463658,12.64930463818001,-1.5902929,12.65724688677682,no_hand_wash
-6.604755118137754,13.041001121775247,-5.158273449999999,14.603309701196917,-3.0350090767785742,13.93368942835743,-2.01361265,14.243023079191431,1.3365156080357163,9.293477797829897,1.6920813,9.377349047438607,no_hand_wash
-3.5326568258596915,13.03339241774927,-0.57240967,13.487610687872603,-2.630394362186735,14.306073751628661,-1.1879297,14.527925498650115,2.329880512707399,8.501428040422326,2.27706475,8.804444830309071,no_hand_wash
3.5227029520126907,11.250838674043084,4.7349536,11.775802921353838,0.02967940818020277,12.844997178984512,1.0861413500000001,12.828720396766593,3.8136491788230953,6.8431312432375595,3.23866525,7.826462249921982,no_hand_wash
2.413943931606217,13.318806034908388,2.906955,13.518807579649614,-0.2756071797331606,9.994001122360235,-0.242495725,9.984851582431828,4.057135171178757,7.472335153687567,3.1356792,8.494203089971917,no_hand_wash
-2.852238093755843,15.219261084291805,-2.381847,15.464784006263104,-4.2502514483558445,13.672550702806046,-3.8344262,14.300969378992988,-0.35846599835064874,10.332230818216882,-0.6382727,10.325028128533681,no_hand_wash
-2.55569969578061,14.528169957914104,-1.71902525,14.732986295856406,-1.7352893981811226,14.646757015035567,-0.97357545,14.730629869259959,-1.0025417421607143,10.75249409849499,-1.85733765,10.785466154853463,no_hand_wash
1.7396868587944168,12.64422854962025,3.3482373,12.747440842117294,1.2790316666751227,14.161951594023629,0.680185515,14.201681492246554,1.1383272455279179,12.903532284453709,1.3807288,12.93732362562737,no_hand_wash
3.3450347214,13.190305685943358,4.4547365,13.591442459678378,-0.6718459281641022,13.480523240537131,-0.9448352,13.479982326246105,1.394573805757691,11.931119176516665,2.2219794000000004,11.997142859408932,no_hand_wash
2.687915595268041,14.856222471189513,4.7738727999999995,15.078574302449484,-0.08843054640206187,10.941425558575698,-0.159867555,10.927674497980274,1.1184555956842779,7.7270846747897535,1.18493595,7.7977493106396105,no_hand_wash
1.6628919766658194,14.766627426737477,3.5194812000000004,14.841234345720853,0.3568792882142856,11.26790056198983,0.8969347999999999,11.25917644002831,1.1699731571173468,7.691850651810923,1.13823305,7.770616038750449,no_hand_wash
-1.0647741868683542,13.909484903254958,-2.0261865,13.932613083321705,-1.8997143322050634,11.766815491907872,-1.8549427,11.90446701524017,3.4001182550936733,8.463012010062007,3.505111,9.110546276885447,no_hand_wash
-2.2382731066658224,13.74061536490929,-2.586621,13.904545695692603,-1.378094219318988,13.760545355510533,-1.6561561,13.812037448038785,3.6733930104759507,10.11651600101133,3.129093,10.750749450026683,no_hand_wash
1.9389318743041257,14.630281666533097,6.1959155,14.739502560096655,0.19507065427835002,12.218053507736295,0.9508228,12.20385757319952,3.8763792396804093,8.47411929341528,3.5769616500000003,9.308702094858315,no_hand_wash
3.278866388350785,14.857170411855035,7.37187025,15.195678194256873,-1.2004471210575913,9.703870838217135,-0.66222289,9.765227955028651,3.8967876919895312,6.735243181211132,3.8398152000000003,7.773654379172793,no_hand_wash
2.1478754762849905,14.429954630474894,4.8008165,14.570762803633729,-2.1624741016959272,8.44510965234091,-1.5172448,8.707163474201595,4.5115616600381685,5.949505015201961,4.199667,7.460611960724433,no_hand_wash
1.5522445604923465,12.96249600334809,4.28169635,13.038678126453561,-1.942776285506376,9.065609574330503,-1.29091555,9.260129606596124,3.703821320025513,6.26468703838759,3.453618,7.270796238237014,no_hand_wash
0.15258667407611579,14.037756176581954,1.6621436,14.020152174532539,-2.237837724477693,10.8682421137709,-2.8512707,11.082264277892374,-0.22380231905774273,7.398118320720769,-0.5388794,7.391791948918013,no_hand_wash
0.22460717708762923,15.518813971483869,0.94064393,15.500430005137856,-1.2614499833505144,12.95528896211628,-2.3387365,12.999930464826887,-0.36983607697422666,8.419160165717294,-0.9951306,8.416433353157482,no_hand_wash
2.8109311561734716,17.974844699244365,5.557044,18.17063988639032,-0.5832299995765308,12.934396270057237,-1.20229975,12.931047209831524,-1.4000966361862244,9.942813759869024,-2.7111621,10.028341006172543,no_hand_wash
3.0637286652956344,17.677314314023825,5.0594788,17.91844203811988,-1.2461613065622112,11.818983748772157,-1.1567944,11.869380723999724,-1.7666255049742925,11.327079330475803,-3.1003528,11.449622909693728,no_hand_wash
1.8483811337038853,15.411000117705601,2.96802795,15.501617827026932,-1.3161191018813472,10.044498590418163,-1.46096185,10.1174474700605,-1.622421002326423,11.40628647038535,-2.757865,11.506457560339133,no_hand_wash
0.6015870543951166,17.894150222050524,2.5590785,17.88125782300674,-1.2478051917758353,7.979241310606577,-1.5364051,8.066079468241629,-0.8035690961902302,10.008313519419737,-1.7483642,10.027689952258926,no_hand_wash
1.3369030150512826,18.08371089696045,2.36687805,18.109925320608742,-2.9638335970341063,8.88090960486541,-2.22497305,9.35161124124289,1.9080537001825648,8.182587628746797,1.46156065,8.39188479446739,no_hand_wash
2.1092664886408254,13.927474507803874,2.821333,14.06848695020711,-3.8965142152369516,11.233896418624683,-3.1889684,11.8767483965457,2.469819004757623,7.468150502637446,1.1460168,7.856790748427403,no_hand_wash
3.0674150056387437,10.116433340674218,3.60091185,10.558567458381116,-5.49519047989974,11.655176203021057,-4.194876649999999,12.871854584317225,-0.1095407853761783,6.414682978183749,-0.27183472,6.407217742820923,no_hand_wash
3.120020814109949,11.769082915355927,3.94459715,12.160725615260812,-4.893278821636129,9.817104073871185,-3.6883300500000002,10.957527917092639,-0.8546677281214662,6.701041309767505,-0.265847175,6.74661855607971,no_hand_wash
2.4024925160102297,13.803857279065259,6.243816,13.993967090506663,-2.4532074908107417,10.557998986224455,-2.1363573,10.826101636243676,2.5729462079631706,7.261469764689965,2.650089,7.695072364864289,no_hand_wash
3.984377732551019,13.649890371293091,7.528744,14.202797900371388,-2.327314405436224,10.682669038305322,-1.41845025,10.919921664553671,3.227554591390304,6.36619639598066,2.6411078,7.130369995506952,no_hand_wash
5.607017773826989,14.100198747574542,5.0582814,15.157280723717367,-2.04270846791774,10.93522787079052,-0.54366946,11.110556462505727,2.4574932061149104,6.093102788671397,1.7040564,6.562753622961981,no_hand_wash
5.386301171935453,14.864323719542055,5.94743235,15.792299287684125,-0.6226592615969386,11.835589420599607,0.23650819,11.836871696014365,2.945837360211734,7.159199046329893,1.8220111,7.7331325091223375,no_hand_wash
2.9444454148721815,16.25447892379831,5.3504734,16.498959610639847,-0.07321916822055158,12.344915558349557,0.7759863,12.329653440830077,3.3296173826175415,8.493097496009527,1.6166382,9.11253385559447,no_hand_wash
2.757690372235293,16.44827587997749,4.1757164,16.657091663110513,-1.3227705032378527,12.4099455361918,-0.85382444,12.464453091253047,3.6254623741263448,9.862252680714994,2.0130138,10.495677598886807,no_hand_wash
1.2440809645524287,17.52653791090068,-0.34847534,17.548266102075708,-3.15730342652174,9.871471092263645,-2.3159838,10.352066658193444,4.866891033797952,11.114081471954515,3.791316,12.119963704268164,no_hand_wash
-0.22010772862944192,16.632344091311253,-2.01301395,16.61268185527731,-2.952597104177666,9.520569350278889,-2.14893125,9.956355583371176,4.926336351317259,10.827998256724024,3.44583425,11.883465764051367,no_hand_wash
1.838904217722956,10.580628378811706,-0.15447876,10.725478256305593,-4.846002892398415,9.426876119760188,-3.8475988,10.588449484880963,5.722763308258576,10.485356541306544,2.8644433,11.933257534983579,no_hand_wash
2.286851807636127,9.213800817641253,1.2585828000000001,9.481644412579932,-5.3307586187329825,9.486985089287472,-4.36552175,10.871258615547847,4.756828546882198,9.324713914980762,1.7729132,10.457059283637864,no_hand_wash
1.70146481056313,13.099725362033675,4.194876799999999,13.193348575958096,-1.6330253195808107,12.269818269338181,-1.3280383,12.362646934527351,2.8687102639949504,6.766248264143507,1.76453065,7.341389701399543,no_hand_wash
1.165708223190475,14.98859604662922,4.343368,15.015120194336436,0.8264168075563919,13.279831349895275,0.5867798,13.288901220391715,3.256290165944865,6.736680677515487,3.046465,7.474794356733989,no_hand_wash
-0.6284495147619032,17.104749626118014,4.0583606,17.09485724580884,1.3846724184937365,14.901947957779022,2.4788451,14.947535218446895,3.619564789696744,8.563356230437085,2.3064039,9.28700877858409,no_hand_wash
-0.00650030266487006,15.933746123050561,4.20565415,15.913306459424904,-0.7416700323487181,14.432400616489094,-0.7125182999999999,14.432954456081463,2.743614612323075,8.942430463480356,1.3849200000000002,9.34288178159676,no_hand_wash
3.775431687556804,11.559012028025416,5.3744236999999995,12.145570266828141,-1.6724697008848184,9.326909409632618,-1.70944525,9.463649839199045,2.8979861746492146,6.884611433813488,2.9686267500000003,7.461375225607434,no_hand_wash
3.3622031452583108,13.65235684956159,5.750442,14.04331032317632,-0.4146568762429675,9.630757161157646,-0.10298584,9.627367643955411,3.159211470588234,6.286258667513932,3.1985486,7.02827137579186,no_hand_wash
0.9670716637769423,18.122153778887878,4.990023,18.125247483066573,-0.6968066214937342,11.11120967305175,-0.062270507,11.119132109241765,2.799000523203009,6.366682315966492,2.4692652,6.947478467443109,no_hand_wash
2.639490100866323,17.952995012508936,6.11688,18.123144799496526,-1.5500640294293055,10.544004117952053,-1.0130932,10.643914777474789,2.599904538786629,7.261703419632839,1.8094373,7.704302788683372,no_hand_wash
7.799163397740259,18.682153757999885,12.412189,20.222345705570607,3.224318369698702,13.632839591665089,0.39757323,13.991704892537774,3.5120566155584414,11.511803583490565,1.9064355,12.021312383064586,no_hand_wash
3.400663994759496,21.560841834163583,10.065069,21.80040206919986,5.612576707326593,16.721522502020786,1.033451,17.618242261877633,4.69113683767089,13.34388225965102,2.802173,14.12852348337118,no_hand_wash
1.9303248501272272,21.881806400695666,6.749165,21.939034859047133,3.9613806222748082,17.19989952297492,1.045426,17.62884894974659,4.547298012999236,12.929360369993883,3.0153296,13.690175821133783,no_hand_wash
3.6167750918066175,21.665967328755592,8.376581,21.938567964646428,2.0625658711959263,17.309908084685702,1.045426,17.410475902335584,1.498279692592111,15.009732381752954,0.70174074,15.065312673628346,no_hand_wash
1.8078241624935738,19.78810773194993,5.19839,19.84517148242707,-1.441232176264781,18.89782654351842,-2.217788,18.928468818352226,-0.3016062539254497,13.571614066915659,-0.70174074,13.557513853583465,no_hand_wash
4.97219600084833,16.767044505721287,8.26641,17.46807961906318,-0.4548104607017979,16.221286048846217,-1.5938855,16.206805563934623,2.203784300804628,9.123077696613718,1.1771522,9.374073374405455,no_hand_wash
3.2728003153427125,15.724786658919221,5.78996,16.042061465232496,4.681025872480826,15.25574831180105,0.74365354,15.93909101194498,4.913403987493607,10.274551367312446,5.696554,11.377080193801431,no_hand_wash
