mean_x,std_x,mean_y,std_y,mean_z,std_z,Activity
1.6529308944318186,3.442638234692373,-5.572325939545453,6.064842357783535,-0.03185648522727155,7.454767517276225,hand_wash
-1.807908531702127,3.107467775202802,-9.217028816808511,3.3348170954305614,-3.18626774292234,5.243444552337688,hand_wash
-1.2969401249824748,2.3649669376402573,-9.333872577319587,3.0105611857083012,-2.2292446553608247,4.290689466245394,hand_wash
-1.3215064498585858,0.6462860483828693,-9.476632610101008,0.8991800437493043,-2.606724735353535,0.862985375850022,hand_wash
-1.377510445510417,1.2192185351249194,-9.081901573958334,2.117393077608565,-1.7587052437499997,3.397295658663429,hand_wash
-1.7215993079381438,1.6558810014683116,-9.244207491752581,2.5020051767506004,-1.8789051743298972,3.235204706462877,hand_wash
-2.041766254979798,2.8971660624499003,-7.334057825818182,4.487541895119784,0.8937656589191918,7.024510478360268,hand_wash
-2.714331267979797,1.9873028192161672,-0.09133733733333385,3.1122346989097087,8.123870011111109,3.109683184489767,hand_wash
-1.940237984105682,1.5887920212822078,-6.341535407193183,4.999839867681977,2.171234906704545,5.164793466160956,hand_wash
-1.778938188852084,3.083411409917413,-9.356143770833336,2.4844102869621634,-2.83949525371875,4.868758590305796,hand_wash
-1.6767812071436174,2.1121378637110637,-9.076219523404255,2.8398349546764345,-2.491966880957447,4.455117555227209,hand_wash
-1.9153859993505156,2.1719900208066654,-9.482857607628869,3.09564540969241,-3.0199714881443285,4.056157529148417,hand_wash
-2.5212642185567016,1.9674441712461757,-1.5857745565051553,4.335930135004004,7.28084699603093,4.648601553989095,hand_wash
-2.0333715864204533,2.031995572876695,-7.621197081159088,4.007444249791029,0.4933740323522725,5.313595860029818,hand_wash
-1.482617907968421,2.1613115450034575,-9.005008693684212,3.179003735247267,-2.4272766612631576,3.9378331941342606,hand_wash
-1.7410783527157898,2.858026249724332,-8.464213330526317,4.843978603566793,0.3891780479999997,6.33725965859738,hand_wash
-2.8328968441111115,3.142109524915146,-2.575033087979798,5.268156605866554,8.024331522222223,4.975284491266828,hand_wash
-1.7642312565863632,1.0661917496861077,-6.588304140113638,5.0432621901537695,2.6435300212500024,4.467824651051361,hand_wash
-1.3436569252553197,1.474457349020318,-9.365023143617023,2.6584749735308315,-1.029132231218085,3.230790878140103,hand_wash
-1.3747165231237106,1.736265034937501,-9.171937132989687,2.0306429608491774,-3.3055096640206187,3.9763444973706736,hand_wash
-2.0374864263223404,1.5995431585765272,-8.871954986170213,2.4259358548507666,-1.5319207345744683,3.538713371495993,hand_wash
-2.16185590010101,2.268584541726241,-6.653932782020202,5.21533732183343,0.7475485122020203,6.411234985871347,hand_wash
-3.1497773051515146,2.0872088670669533,-1.2529218138686864,4.197391799488217,8.28543702858586,5.054677973176087,hand_wash
-2.962034347474746,0.5736601797428434,1.394179581616161,0.9226762022632485,8.538837300000003,0.5320437970685017,hand_wash
-1.8931687508988762,1.6677317672556053,-6.671192348202246,4.784792107155135,1.737209911224718,5.621849028351055,hand_wash
-1.3971482247010305,2.1843572867347443,-8.740771950515462,2.4906625639211346,-3.2318689804639176,3.9993554762034935,hand_wash
-1.604255427223404,1.5118318634262018,-8.790294957446807,3.0467407876150916,-0.8853164072340425,4.509240174480694,hand_wash
-2.1770601534810523,5.5692421251372926,-9.124595849473682,2.6731144869552246,-4.227474162842106,6.194247024101732,hand_wash
-1.0918748748353537,3.897488032205946,-6.099751884848485,6.618285908165765,5.759767952323231,7.191137975756229,hand_wash
-1.4637336803292134,1.9776669451790492,-7.228962842022473,5.369444528755567,0.18865488764044971,5.939627748256145,hand_wash
-1.4880849023092788,3.2760800597213025,-8.714846485567007,2.413465251520249,-3.782414834670102,4.4450207442064125,hand_wash
-1.7391408895106388,3.831951359077878,-9.300714345319147,3.5414101984614685,-3.035547129148936,5.315251878250844,hand_wash
-2.299811211323158,2.266363193825614,-9.528207062736843,3.4665100005550324,-2.5847807057894734,4.274675906283536,hand_wash
-2.335422233744444,3.0300417927103447,-3.5721474217444444,3.378946569539243,7.802562364141413,5.6571830667385195,hand_wash
-2.0318242468393257,2.0977066190830618,-6.929047149887641,6.4849178535446175,1.0644920161797748,6.174304061520556,hand_wash
-1.3194162638105256,3.0708474677340156,-8.34398334631579,2.8335483108300643,-4.545759632105264,5.393371618957839,hand_wash
-2.54018430850505,3.2731411411499374,-9.008781248993941,4.266845941864301,-0.9087647417575749,6.5235607871704016,hand_wash
-3.0400531804166664,4.762782312143078,-6.321940988020835,7.024490791117566,5.2137828640625,3.8073495479284336,hand_wash
-2.0352233751752578,5.327460814669373,-8.004179939278352,9.311502287500307,3.182709374381443,5.34477322238473,hand_wash
-1.7403643862886593,6.094729753257003,-9.628953807907218,4.590529783238568,-3.249288397567011,9.86281671008847,hand_wash
-2.143406664154639,3.768391888100403,-6.960827958969073,5.521458986565987,4.991677461896906,6.619831383040472,hand_wash
-1.2985224232045458,2.1523330815248687,-6.651499921704548,5.789591107659142,0.49435382363636315,5.840127397666058,hand_wash
-2.166799426063158,6.332547082348731,-9.221568895789474,4.019620818207046,-3.065083005052632,9.31065710997226,hand_wash
-1.979713474383838,5.515457396364202,-8.763388546464645,3.2107754041533934,-4.397921170030301,8.111020833748707,hand_wash
-2.319654498749998,3.303355638604549,-7.856223749999998,3.2892064419256415,-3.261053388152174,6.884749301223967,hand_wash
-2.8784431228350527,3.2539619312847687,-6.10415170157732,5.800012175565911,1.9494594675257735,6.949338187245389,hand_wash
-1.674081239312499,4.2272449516172435,-9.508065406281252,4.369276951699666,-1.8711214868749992,8.856165878676235,hand_wash
-2.9029209211111113,3.282879590361769,-4.347250734888891,5.825806268651501,7.17483745212121,6.369521366691839,hand_wash
-1.9987662968329547,3.6051274879324122,-6.593162131931819,5.214449277917234,-0.7950784354545455,8.324891056114215,hand_wash
-1.5084801571276594,4.202020360483412,-8.845112806276592,4.766268570943025,-3.0353050408510636,8.308118271613427,hand_wash
-2.1997019602206187,4.318079271876818,-9.017668240206186,4.137841139877328,-3.3536076570618545,8.57790710051821,hand_wash
-1.6280824377731953,3.795730678743274,-8.885460742268044,5.377019799460111,0.4590536471443303,7.292907689802692,hand_wash
-0.6298780420909088,3.9377096992816822,-4.700588693373737,4.7845076175331025,7.280024694343438,4.630485555352433,hand_wash
-2.1464954386363635,2.737868078948956,-6.584248885329544,5.496849039982517,0.024821114886364678,8.500480892463125,hand_wash
-1.3081991579381447,3.854069951098082,-8.578169817525774,3.0889293032342517,-3.7289343158762893,7.589301033942123,hand_wash
-1.895524904444444,3.2396727571172494,-8.808264916666664,4.073568291571577,-2.9583087722424257,7.811383103902516,hand_wash
-1.6938835979393931,4.815773132156597,-9.01195047727273,3.544973814013854,-4.280915975808081,9.260039668346204,hand_wash
-1.7701254661720434,2.0968650433449163,-9.26860962924731,3.2693162996859444,-2.7567576250537624,4.199759398417427,hand_wash
-2.039989385305263,3.76145341787276,-9.037391871578945,3.526323056177236,-2.9809169369473687,9.126358777576382,hand_wash
-3.3729652628762903,4.63843194675332,-5.387744596494845,7.704027012502369,4.193432266185567,6.970458203031728,hand_wash
-2.5942416072929304,2.2604362322714664,-4.058699296666666,3.5125854259366927,7.869574547878787,4.2172681104654695,hand_wash
-1.5282313264534881,3.065865009349201,-6.658934107034884,5.2859452860322875,-1.0815462311627912,7.952114368752228,hand_wash
-1.6345378201842113,4.3451090816227085,-8.82153760778947,4.599621104493372,-2.8871203897368423,7.6713596602368845,hand_wash
-2.5650535672783503,4.68125681863401,-8.390950893814436,3.916831334450373,-2.5590907037185566,8.88240549862974,hand_wash
-1.818866088610526,2.550796962233828,-8.310062295789475,3.9958531264128316,-3.6451062873684212,5.616982848819922,hand_wash
-2.184319542396907,4.522337640759228,-8.516751165814435,3.6552384318769247,-3.2712015903711356,7.562245542711907,hand_wash
-1.7940941457083321,4.25690107519172,-8.512473223541672,3.3755694079513168,-4.381014580937501,7.595090383053685,hand_wash
-2.633523553020833,3.069720904790763,-8.27053878864583,5.1796581239679345,3.024173744479167,3.9382554871349624,hand_wash
-1.9346768048937497,3.25211064701571,-7.959223706250001,7.056858520396485,2.5130366015624994,7.646839526840702,hand_wash
-1.3505564752061856,4.266232421010562,-8.127572815659795,5.290410438028899,0.9070580986597944,8.92698048614579,hand_wash
-1.1897395485,4.426128666843501,-7.755603924090907,5.91235954832722,-2.8040235164090905,9.451310649601137,hand_wash
-1.5340593873938149,2.8174328181983377,-8.387839886597938,2.8676376640546692,-4.375725365051548,5.572428929146716,hand_wash
-1.6458969493298974,4.192945693699795,-8.43150580309278,5.2249208089227,-3.731218172350516,9.194226707304274,hand_wash
-1.7999682842268039,2.7083753183977244,-9.237750818247424,4.254224020738991,-2.1515053005154643,5.328710717216643,hand_wash
-1.3530458969148935,3.774094914424006,-8.302016681914893,2.6714786565197204,-5.019795320531914,6.688793265159742,hand_wash
-2.5928802251958762,3.5975824336570152,-6.462688608453605,5.196174168621966,2.143332581752577,8.266409133359355,hand_wash
-0.8751568466627905,3.1960718863091464,-7.976515064534881,3.73838055045516,-1.0139426941860477,7.397533085746807,hand_wash
-1.5609848405154638,3.2493848589747394,-8.827461719587626,4.444425945502448,-3.026465222020619,5.4075718058630065,hand_wash
-1.4102253225789476,3.609019366084775,-8.488125651578947,2.7553068050381815,-4.767601497052632,6.506720065349508,hand_wash
-1.453152619723404,3.7584090220378514,-8.646288047872345,2.715247820135517,-3.762703038617021,6.894984707970052,hand_wash
-2.0019560827797886,2.326499336526643,-8.842896211702133,2.2505599231533164,-3.0922632292446806,4.797848424666008,hand_wash
-2.1276045094845366,2.4697068117453567,-8.000315839175258,2.5138048574548044,-3.8877092615463917,4.71826563700645,hand_wash
-2.275642798645834,4.549711479109405,-9.311025123958338,3.4357958958848003,-3.1974758682291675,8.106572708928107,hand_wash
-2.485062586878788,2.930461767988225,-4.331876683535353,3.8329328169057404,7.405581843939394,3.734184436086572,hand_wash
-1.2711838304465908,2.4542738858942994,-8.214046086022728,6.2243166648190815,-0.4882165404999997,5.979816400579924,hand_wash
-1.1576462588865983,3.2612136834190313,-8.883164475670103,4.174434712774522,-3.455519359051545,5.6348278387706,hand_wash
-1.511973360371134,2.442704206584205,-8.566342911649484,3.644371816576704,-2.833246384175261,5.079295342766209,hand_wash
-1.1265891565531914,4.4756033216004765,-9.204314829787235,4.032008424495026,-4.167920044468082,7.349702414773319,hand_wash
-1.98778976587234,2.4055397567351253,-8.941486967021275,5.007987947412775,-2.0375628606382974,5.321147753350318,hand_wash
-2.8517666910101007,1.9001514443353393,-3.4978050480909073,3.751507232874641,7.852519032323233,4.803437456481074,hand_wash
-1.3552272441397726,2.6438083151355585,-8.341050212806818,6.311131040428045,-0.09004457806818161,5.38252464822606,hand_wash
-1.096039923588298,1.9642768143883766,-8.694175722553192,3.1177973406097332,-3.479122579861702,4.461277385465353,hand_wash
-1.0749041233636363,4.093781494411211,-8.045560074747474,2.813663744286157,-5.6345374456565676,7.0551474885123735,hand_wash
-1.8890844023542563,1.9971971148421863,-9.101150643617022,2.567513773656779,-3.000730170276596,4.077301614170423,hand_wash
-1.839350294226804,2.919269716586566,-8.626341843298968,2.752212588146799,-1.6027865541855666,5.256409074338807,hand_wash
-2.3453228930833325,4.505122958974105,-9.123203193437497,3.144845652929126,-2.199501079375,7.430494497190245,hand_wash
-3.08144665040404,2.0627119448369675,-4.8171826247979785,3.757392921172366,6.684693093232324,5.825348520850163,hand_wash
-1.2864792997613634,2.1045106176115764,-8.55317271556818,6.565279341257084,0.7917172583488639,3.7452129676019723,hand_wash
-1.6297477492736845,2.185869278178477,-8.341247937473684,3.3873984332323825,-1.5717630400000016,6.056258139857149,hand_wash
-1.555951478089247,2.2172003654187513,-9.073776107741937,3.6545206213894326,-3.1191394889032265,4.576814948978363,hand_wash
-1.776240311748454,2.032258715832069,-8.890164361855671,2.7803222615324374,-2.6902241843298973,4.1947506734395885,hand_wash
-1.3092730968085107,3.622937399275765,-8.565863790425531,3.2541030577720442,-3.561241147765956,6.52471562713258,hand_wash
-2.9185369372181804,1.9989496474766262,-4.4539863634343435,4.12500228048877,7.415210252525252,4.388068632546137,hand_wash
-2.508492657575758,0.3490369907830498,1.36675781979798,0.7282310925904969,8.601095779797978,0.5141988028003117,hand_wash
-1.2527857159090905,2.034934153362518,-7.757073613113639,5.419411143305739,-0.4454600521590902,5.914776423527986,hand_wash
-1.3609005225126314,2.634487253702085,-7.966704732631577,2.813152726065596,-4.749903584842106,5.075502886650702,hand_wash
-1.4843565495257736,1.8645368915462661,-9.335699701340204,3.919025829814723,-1.5796882124742273,4.087103880461762,hand_wash
-1.2867893364782608,4.285348700447979,-8.599708123152174,3.11720169228198,-3.13897248847826,6.4490683210441535,hand_wash
-1.9738952566060612,3.793322687229232,-7.936223803434347,5.779012589307113,2.9954919987070707,7.334102725513664,hand_wash
-2.488304332121212,0.5547535141884772,-1.323974052515151,2.1387165998355315,8.27458683636364,0.6327916597407747,hand_wash
-0.5197464559772728,2.368558372662488,-8.665030945454546,5.085617453089606,1.517040753303409,4.666309836070491,hand_wash
-0.7116592307032611,3.106154254989957,-8.618555935108697,4.556333713618482,-2.3489414795652173,6.419062590143095,hand_wash
-0.5870667023854169,4.53724610990182,-9.165427873958334,4.125617968532978,-3.359389120572917,8.530072681559155,hand_wash
-1.1113514436354162,2.80174529951418,-9.495578760864587,4.023547519427842,-2.430009262875,4.454609135835722,hand_wash
-1.035710140371134,3.3635770119067288,-6.688153772329895,5.165406529373796,4.36614529257732,6.009165403013392,hand_wash
-2.564932864646463,0.3636350303558869,1.402973400717172,1.896130188204014,8.420005739393941,1.4737585669274489,hand_wash
-0.7504626625581395,2.453763148891509,-6.820221894883719,6.447201123315094,0.914549339534884,5.227957308243942,hand_wash
-0.619074735817895,2.726393216020337,-8.107166304315792,5.303402223318871,-0.27247761042105273,5.274036362733084,hand_wash
-0.27889371409473684,3.783268800543222,-10.192106496842102,4.861040572588562,-3.458597262770526,6.780401032652382,hand_wash
-0.8912305462440859,2.455971054084131,-9.409709760000002,3.7359890743754396,-0.6584758451580643,4.519136448326295,hand_wash
-0.3597370348404254,2.038860824014029,-8.795084938829786,3.8811012510728045,-4.249134087021277,5.199054323918995,hand_wash
-0.5817901557354167,3.852458760444399,-7.758191763541666,5.736152910515113,3.197463353840627,5.418782442181542,hand_wash
-0.6971605176288659,4.198696074007721,-8.119202632164948,4.509740114496983,-0.12788660706185562,8.203269828915758,hand_wash
-0.07794700367045458,2.074069437994449,-7.011011454852272,7.3521801030653515,1.2092671314886372,5.499413408741912,hand_wash
0.5454089792073686,2.6790599516565243,-9.229459905978947,6.469565184313945,-1.564136810526316,6.256860749042242,hand_wash
0.7027690331086957,2.4952003608436364,-9.520072488369568,4.10471869687893,-1.3196687746739133,3.8858244199542993,hand_wash
0.3565739638969072,3.413294518974233,-8.593626415876287,5.810930894313204,-1.8874481786701032,7.9125540273095964,hand_wash
-0.19568570417894735,3.6760946369407406,-9.233052394736841,3.6262303137818,-2.302382663894737,7.122845576541311,hand_wash
-0.7487218013737371,3.3901865215927356,-7.884222809242422,4.118949960924105,2.263353942222223,4.859435731435688,hand_wash
-0.8640532018677086,2.9208532966363325,-7.885077898124997,4.368264161357259,1.1035177055208332,6.949070711007423,hand_wash
0.8121701690909091,2.921296000454487,-7.260719453522726,6.4178670748457005,0.5871471881818188,6.002862928170545,hand_wash
1.7103529735344087,3.333865048111959,-8.46699924344086,6.109789725332328,-1.5812794261290324,7.259309194921185,hand_wash
1.573830354161052,2.3775499939027354,-8.92714545996842,4.539595713413643,-0.3246385983157893,3.9872510697121335,hand_wash
1.4696470227157898,2.868440465048612,-8.877404636947368,5.626993151668144,-1.0038661042031578,6.898002645219852,hand_wash
2.2694019681313145,3.2587530657089347,-9.220498598000002,4.745342872298644,-1.460719969999999,7.570835269743028,hand_wash
1.3395448313804348,2.766706721853392,-8.236810584673911,4.686478705916243,-0.26382961630434765,5.805999560817947,hand_wash
1.4841837301030933,3.408314604211879,-9.233281768453603,4.777809880055255,-3.709897649216494,8.527217053067796,hand_wash
1.205917023402062,4.1067322605747725,-7.536151135092785,6.2406072590295025,4.5417841786597934,4.721256497693346,hand_wash
0.7715081399375001,5.180624274420838,-8.0737979911875,7.385673441033193,-1.1851853857291672,7.602765176614714,hand_wash
-0.9578263656464645,2.244892555949622,-1.4188071456969698,2.9800718205238326,8.793302108787879,3.105279590928847,hand_wash
-1.4544421278644446,2.123705563134913,-1.6606134172588896,7.122686612518857,6.203313480333334,5.258092632788895,no_hand_wash
0.498028356391753,17.18456548876268,-3.8963387378350527,12.25908452829428,1.9501631969072162,5.631699101968725,no_hand_wash
2.474502724040403,13.943652089615133,-2.6569113047474744,11.105086498504294,1.9115280190404051,6.407990574050231,no_hand_wash
-1.60099571,9.687005402527474,-2.097563034479165,9.669481649601444,-1.372333675430209,16.631288581104794,no_hand_wash
-0.012289631979797629,10.889246280617515,6.838712136363636,4.953478598990382,3.9241306521212116,5.13799339621292,no_hand_wash
-3.9477662845454544,15.811580581992844,6.6891443810101014,4.607898011412746,2.741656263828282,5.6241261404771805,no_hand_wash
-3.8363737563232303,13.228156843450495,6.578707364343434,4.489612825449469,3.647360713111109,6.161125913375834,no_hand_wash
-0.9810871278383826,11.428671935806127,2.9765980178787883,7.359858216227945,5.77848056939394,6.798593046928318,no_hand_wash
-2.625135045959596,19.006016918482977,-4.777955119444445,9.657855450736289,2.172185954979798,7.328858924832169,no_hand_wash
-5.574915650652173,11.304540681582123,-8.597677574347825,12.131317717539295,-2.371420788043479,9.557146267825908,no_hand_wash
-6.268056037368421,9.276311063390214,-9.702224230273686,14.978495636039357,-5.23079833031579,12.703054446531652,no_hand_wash
-2.297107719278351,7.092187244004741,-10.156672891237113,12.426599362597896,-1.0907462544371131,13.291316096050943,no_hand_wash
-3.909033652916668,8.42704076314795,-7.826574574583334,14.375534673062516,-3.122781137499999,10.006924731355632,no_hand_wash
-6.705925952623656,9.002536379635135,-9.84153435827957,11.240754636447319,-6.538660931967742,12.276045362249402,no_hand_wash
-4.795308117578949,9.905299871599352,-6.913715447087366,11.939167696458743,-2.196321116231579,11.799099813793912,no_hand_wash
-3.648896906969697,13.0937132354548,-0.25100526545454577,10.840482861235847,4.803901161111112,9.0800755267084,no_hand_wash
6.426690901063828,6.536673156913512,-5.616677551489361,9.051086636674167,1.4423240714042551,8.774928711114686,no_hand_wash
-4.107178188297872,10.384819397249666,-5.144960542872342,6.396735965674103,3.3945197459574477,9.573511801631959,no_hand_wash
5.394966648711341,6.286801224926862,-5.301067095206184,6.403099162777601,0.02532056353608273,7.971079302498166,no_hand_wash
-1.3874570364948444,10.592177957016826,-6.525193588350513,11.2346791030976,2.0689018036597937,8.910790038737067,no_hand_wash
7.646810466703298,6.801989641102323,-3.8397558507692273,7.108663967416909,3.321510499010988,4.338755446386105,no_hand_wash
-0.4453163702020201,18.303480155635423,0.5765343812121213,17.774103768964117,-1.495447768080809,15.909456258000043,no_hand_wash
5.677381623232322,19.42161145770537,1.4517084264444442,11.191999640256691,0.044416734444444377,8.236031413303174,no_hand_wash
3.678447649191921,16.719086746016316,1.452518932656566,12.904019454449116,6.41017304111111,5.23152345646946,no_hand_wash
0.0906721222828297,17.993522047820797,1.1540607355555559,15.918120713164624,2.864673178090909,7.527361136350539,no_hand_wash
7.095197060949493,13.568911831531025,2.4837441090909107,9.097517828348865,4.203368126300001,4.778332635593403,no_hand_wash
-2.2832905547849456,20.638482886074772,-4.4221588261827955,18.048506780431907,-5.6691142683870925,12.762216698308208,no_hand_wash
5.052305782525253,17.80021408705753,3.2668913215131328,10.77166717639888,5.097097477777777,4.596266303647465,no_hand_wash
3.983098894242423,13.731815517525519,-4.907842545050504,14.507367079934617,4.77670917390909,5.192983511718511,no_hand_wash
-3.1129203169473696,17.520052820444377,-3.76296647,15.138911210957378,1.8655815821473685,5.133987309466809,no_hand_wash
5.321769707878791,14.186946920836627,0.48713247166666646,8.74501698001118,3.250017300434343,4.990774300652249,no_hand_wash
5.0377542245454565,17.285482215288475,4.059437092272728,9.474754232190431,2.313068744949495,8.444529293307138,no_hand_wash
2.0480984030319154,12.07557205347123,-7.122240229893618,11.569283723894197,-4.858144263978724,13.856824086461828,no_hand_wash
1.9369097564583349,17.414068346626404,-4.260340571875001,9.619759688281624,-2.855000552218746,7.3749947802424725,no_hand_wash
6.471899120202019,14.490768554635162,-3.7056999588282835,6.7108461691996135,3.6108911141414137,4.490870073812569,no_hand_wash
0.06708660217391232,14.996606838546567,-10.906879827173912,14.978721483805813,0.4464368390869572,6.34866272150146,no_hand_wash
5.716960071414142,19.462011587776495,3.3151183711111094,11.909033029841574,2.000107417979797,7.149136557227255,no_hand_wash
6.321448316161619,17.979833037897986,2.498561728585858,9.026703857632485,2.3390026541414137,6.835010794826051,no_hand_wash
-3.024367598308421,17.768784161002888,3.443281813210523,18.54619077843115,5.274085085263158,7.21089688184426,no_hand_wash
2.228964863939395,18.398493237556632,3.0086525241414144,10.602224624824533,4.1475569721818175,6.3007428286437905,no_hand_wash
0.5317567338541676,11.899413505052284,-7.471051413541665,9.5152122589583,-9.175806296666666,13.40054043324356,no_hand_wash
7.977563098659792,14.55196700659152,1.8323133762886599,9.359190203652357,2.4166611175257744,6.470701353536267,no_hand_wash
3.1894425206250006,12.883895257179873,-8.788648913020833,9.844786693700048,1.7040937732291674,6.678496883057949,no_hand_wash
3.235345987934783,14.200057129612414,-15.663206458804348,10.048776584361496,-5.048714213695655,11.802170954108341,no_hand_wash
2.0067144739687506,11.842774441954484,-10.040570495312503,9.775801389396882,-1.8551296853125,8.847459595284088,no_hand_wash
1.0739393748421053,18.0959878352761,-10.303487521175786,11.75437706652188,0.769620428631579,20.522651263387843,no_hand_wash
3.2052740359595924,19.362061504419593,1.1243528044444437,11.159862058737222,4.174385952818183,7.368025481112923,no_hand_wash
-3.4779051681249986,16.796361889627406,-7.674029302604165,15.472979448537,4.871170371979166,8.789218183790448,no_hand_wash
2.33941398020202,17.23275807796764,2.8770957786868685,14.58853142824949,3.0148942072727283,7.3621710775791005,no_hand_wash
1.8549547717171724,17.882531029808117,1.3834987781818187,9.86434122206615,3.1345120090505048,6.542835647814515,no_hand_wash
-0.7596928969696968,17.46057962020891,5.403031002525256,14.225853721524256,2.3965799475555554,8.86287816701251,no_hand_wash
-1.0444498592500004,12.719419802199479,-13.223423572869567,14.386976192768223,-4.181547884782609,9.952604450062168,no_hand_wash
3.27123378080808,14.851199495223156,3.0695804293333335,7.748392654363035,3.914030415353535,7.141697759709728,no_hand_wash
1.751158388484848,14.449616961039906,1.8560796659595968,7.371721899344502,5.5453653517171695,4.821574519550648,no_hand_wash
2.1112601485263154,9.041858577616665,-13.653073529052632,7.75961127650028,2.2693566548421042,6.391031563191568,no_hand_wash
5.843436362323233,14.12007121181523,3.691257334040404,5.943366917060786,3.640719987050504,4.065642118810282,no_hand_wash
6.150180317171718,13.374968629711637,2.2102764671616146,6.178194127288887,3.318033477323233,4.139987990638582,no_hand_wash
3.1960689141414145,13.591842434526711,-0.6973377658585858,5.741751259776386,4.3525125199929295,5.396268808964064,no_hand_wash
3.55192284868687,16.19948425734022,1.9874308244353527,16.901602677797644,3.638627352626263,6.41930690472889,no_hand_wash
1.527357178787881,17.70233434151744,1.4996935243434342,9.347660712230914,3.799287213636364,7.795678183272899,no_hand_wash
5.483348857979798,14.073383605210601,2.323362518585859,6.8737763784648065,5.133240466666669,6.077356658596405,no_hand_wash
-1.299927100303031,16.96492397665656,-5.856125137464651,18.75118492345238,4.5502346746464655,5.150412455512658,no_hand_wash
5.31850391111111,16.242845176499916,1.8559465913535347,7.550543353173275,5.407639562323234,5.585534779947937,no_hand_wash
-0.902486887840908,17.922837518393997,-1.8041028719318177,11.487352545676261,2.5499337161363647,5.655701467584076,no_hand_wash
0.5311867519565217,16.057813155239035,-8.78228934478261,10.592030151488062,-9.040378620217393,12.68536635981895,no_hand_wash
-0.8970678253535342,13.912857412434436,-2.1160360190606053,9.119315487875646,4.577124221343435,6.160013415125213,no_hand_wash
-2.4251761965731187,14.169435169490269,-9.814030334193546,10.62321364911359,6.2114702954838705,6.165462936640949,no_hand_wash
2.048056083101013,14.343797841783525,-1.4008928572656563,8.129748845087828,4.87046573050505,4.760408417631708,no_hand_wash
-1.3301464391666669,8.16763325402665,-10.305020546145837,10.490544578826054,4.561214962500002,5.572436610659089,no_hand_wash
5.622445601875,14.28273305339033,-0.7364435645833328,7.103339759009324,4.761373653229169,4.294276258162838,no_hand_wash
-9.705429999541662,10.372329113947805,-9.665974447903126,10.523298251521183,7.551534013645831,5.434261372398375,no_hand_wash
7.041538839393937,13.242261178937138,-1.5787049389899,6.944768900509733,5.178552384989898,4.694255481797148,no_hand_wash
-5.98559037975,13.858919997580848,-9.337457674680207,10.955466054236249,6.400989032291666,6.148596110244968,no_hand_wash
3.6219589883838377,15.727928526065341,0.9124177313434346,8.385236139227356,5.881164009696967,4.510783427906892,no_hand_wash
-1.2934264989784932,12.671669174199101,-9.941880595913982,7.401497629507405,-11.460181261516132,13.456659886496665,no_hand_wash
5.538773026363637,13.724992657518934,-0.6919550310101009,6.986471606306028,3.3884809336767674,5.8061662152500455,no_hand_wash
-6.012883725729171,13.424413376258032,-10.2511451746875,10.421870671429614,6.097669791145833,6.373505100182545,no_hand_wash
7.026854256363639,13.378657120004483,1.9308091406565655,7.044711787966898,5.024158253737372,4.568605453349372,no_hand_wash
0.8890943006389476,12.14223315535981,-7.612393051684213,6.408395435844722,-8.767208524210528,11.925262467257992,no_hand_wash
3.8473569276767683,18.051229307217202,-0.049980923623232476,8.545235865796958,1.917588130747474,5.625486498593476,no_hand_wash
3.705579058280809,11.51218636471733,-2.2025954251515154,13.502321699210881,7.127312050202022,5.632414809972805,no_hand_wash
2.6325255858181826,15.890967992076963,0.12240000359595982,7.98011343569256,5.465676509929292,4.39551033685587,no_hand_wash
3.1128629539361707,8.19545907089076,-6.330571644521281,9.210196640204797,-3.9664708696595716,12.002651711844477,no_hand_wash
3.8903849961458348,15.208021050412922,-0.433598339125,6.297429787974067,2.1949979985000003,6.518475512496368,no_hand_wash
0.7588879408247425,10.026310034969969,-5.488310756690721,10.73968101874993,7.165120681443298,3.4396705078614764,no_hand_wash
0.0892894020833323,15.62662881214626,-4.540071360875003,8.017950852256794,2.180004158125,2.350557977891685,no_hand_wash
3.7159816072727283,12.40665630622258,0.1543577870707073,7.339214128354755,5.070849044343435,4.610025046953968,no_hand_wash
2.6580362599999994,12.730739125928238,-0.6128951653535349,7.1131449435662395,5.411909481212122,5.466922447879543,no_hand_wash
6.016565434615385,11.29765676742804,-6.912210586153846,7.009814791232972,-7.265791715043957,8.815245242965883,no_hand_wash
2.3659042925252525,13.175568237035266,1.194642994060607,5.422611210076317,6.101142898188889,3.799487646068569,no_hand_wash
-0.35612676821052575,11.152773982379161,-10.21172040761053,10.645768624152154,5.320775408421055,2.641669151412899,no_hand_wash
5.885712185656566,12.222619753644295,-0.6364824817171718,5.904216274343023,5.285130736565654,3.9239848471805163,no_hand_wash
4.398166425625003,12.343900191986872,-3.5636019459166657,6.779101814707192,-0.3594650007291676,7.574450193906788,no_hand_wash
2.139775357812501,13.256417174783142,-6.330622919270836,9.365481964533247,-5.621472618687502,9.537659904607175,no_hand_wash
2.464958871010101,12.868224011691757,0.2208982255151513,5.918928851407287,5.415054495858585,4.363974969991726,no_hand_wash
5.730147243368422,11.887438082112956,-4.111378756926315,5.852702853032203,1.2306618890768426,4.02801910679769,no_hand_wash
6.8844446441304346,10.606459520752697,-7.552225466163044,8.032486060889955,-6.301439550728257,6.698169436050949,no_hand_wash
-1.2514339109090902,18.981167973197785,5.898751687818182,12.59003496688038,2.8182243395959587,6.9833966279600315,no_hand_wash
-0.5279808670000005,14.272199370817352,6.979631254545457,11.429244865854196,4.280226526969695,6.17877373377753,no_hand_wash
0.3231778882916662,11.053348795266059,-0.8502817834302085,8.171284226058974,4.341409516906249,5.4134155105985196,no_hand_wash
4.921239674857143,11.622395728736908,-5.439407070301021,8.386880531914597,3.0590387063775517,2.8904812171451666,no_hand_wash
6.9842102698969075,8.308820825825899,-2.450277829175258,7.016836776633567,4.366207013092782,3.137348309931582,no_hand_wash
1.3263690844444445,15.260887517138073,-5.8541777254545435,7.2492853879798345,4.898758386595959,4.631147025535775,no_hand_wash
3.329376491979168,7.348058513908778,-7.651925291197919,7.964532156876129,4.086976078854168,2.824647607864924,no_hand_wash
3.624750940721651,6.31673945472444,-7.767455716159793,10.934007468190421,3.5798505264329896,3.5752896075933784,no_hand_wash
4.572865657895833,10.49873752644527,-4.358760968708333,7.537895313507677,5.437854447395832,4.488103195329292,no_hand_wash
3.125524660922224,10.674128462325697,-4.727792708181819,6.927078734013709,5.855387289898989,3.06601806350272,no_hand_wash
7.442323579760417,9.955738119803295,-3.8503306691145838,4.897018232827854,3.4472938126979162,4.04379284903544,no_hand_wash
3.509656495055914,8.072247502541929,-9.45042516344086,5.703370218294515,-8.367438510376346,7.691227077895379,no_hand_wash
5.868257496565657,9.561362602962724,-0.9874738266666659,7.717662434482379,5.83008234020202,3.0108253798685367,no_hand_wash
-2.1029269508541666,9.885485859995008,-10.906956433229167,8.044922100652737,5.4386527514583305,3.9898551068728323,no_hand_wash
-1.3472831813131303,13.769328381471109,-1.6688931373030291,6.864780445566632,4.554383639252524,4.554287707859656,no_hand_wash
5.237895089473684,5.087088986489709,-7.159091508105262,6.608472741791353,-4.2287599705263155,9.724121642304413,no_hand_wash
5.974388687291666,11.42794041894195,-2.3099838852083336,5.343260678012043,2.0906399909968756,3.4972524788540493,no_hand_wash
6.755575867373735,13.239048953666675,0.786207509979798,6.480739799436824,4.7842933990505045,4.155255613729161,no_hand_wash
1.7411792430303035,15.42218578763036,1.2828958417171716,9.709666129832549,4.178849465191919,4.569646366604004,no_hand_wash
1.779108779276841,10.585865987646407,-5.448770252831584,10.699660991576405,-2.6054156909473662,9.002826607365952,no_hand_wash
1.393308762453609,13.78513494211254,-0.6802595856082471,10.193476857314117,-0.19105834195876276,8.273494827552657,no_hand_wash
0.41225519101041624,7.27146466585726,-3.2037377544999974,11.824059375829792,0.11918963730208314,5.112435909943874,no_hand_wash
4.764286172258064,8.7589467839309,-3.8901169091397834,3.3308920466159937,-0.8509787791827954,8.156231491041,no_hand_wash
0.9781259817052634,7.534215207826711,-4.245625899105263,7.019831337647999,-3.3083034983157877,11.726813077406742,no_hand_wash
2.0101373956701005,13.59505786198833,-2.172924692216495,4.212108923038781,-2.5149803768453602,9.701193501734226,no_hand_wash
-4.228913182268042,13.313719145032534,-1.8470414818556693,5.994870480352612,-5.24311751175258,12.884695862298827,no_hand_wash
-0.777280633535353,13.469850792525609,-1.0190928971383828,6.704965576150668,-6.049275012939395,10.894837358938991,no_hand_wash
1.3463128384375,11.713857321871897,-3.291792235729167,6.554846475875084,-10.304995603125002,11.343942536614898,no_hand_wash
-1.267462144648936,12.628858045414274,-2.8311424321276606,9.933224869741025,-5.17500022744681,8.746963198276624,no_hand_wash
2.9722321090107533,14.121547707754337,-7.974101544193542,10.94673934064334,-3.9203765544086013,8.126045746063316,no_hand_wash
-0.17986854031915056,10.151491498133947,-3.6035616434042548,13.168915384516932,-5.865810460319149,7.086706778560221,no_hand_wash
-2.4480607680808073,14.288299297217348,-3.7415406769696977,7.880462843987393,1.1452427064141413,7.064622592141877,no_hand_wash
5.520831849791665,12.62031855098524,2.645598438333334,8.316356999666596,0.6893290002083333,5.638419850071066,no_hand_wash
-0.636439067083335,14.582215649682004,-0.21699874916666614,6.1339958373802235,2.211825487739583,5.897833693948487,no_hand_wash
2.271281043814432,11.999565813750397,-2.540054013618557,3.5842191496430296,-0.6517786638144328,7.89499397989908,no_hand_wash
1.7439322142268057,8.525714736003515,-2.5805594711855675,5.86546826319029,-7.010617243298971,8.421010667583563,no_hand_wash
1.5793461056565647,12.780101623222132,0.5562009538282828,5.162027569707117,0.631293298080808,6.414391207609156,no_hand_wash
0.13884744462765958,6.843382415686137,-6.1128032293617,5.679482563576535,-8.430277578936172,9.510905589259165,no_hand_wash
8.399333415454546,11.667650564659878,-1.5332237682555567,3.8661580908962105,1.9370506696737373,2.9584501698844203,no_hand_wash
5.549348458231578,9.076110190159344,-2.1241932462631583,2.9793906862793955,2.715977368842105,3.7858573424968953,no_hand_wash
2.0058046329292933,9.804608607136553,-2.240202101967677,3.653909338582409,6.338382934343434,1.8637002784130414,no_hand_wash
5.091206681111106,8.556364681056255,-1.3251473676868681,2.8981028206932566,4.264380648040406,4.303620758454843,no_hand_wash
6.266441162127658,7.01640763972213,-5.742925583617022,4.018002029417509,-8.135218871279784,8.355255791108686,no_hand_wash
6.937899824343433,9.201540483076611,1.951203057040404,4.194583024446204,3.0368847605050515,4.641542037233803,no_hand_wash
2.1053344633333326,8.70115379070476,2.529477402812501,3.9974281116224417,3.129529602187501,5.3369049326147415,no_hand_wash
0.07951710247422529,8.800011339890506,1.2096700354185563,8.519426015790955,0.5942734755670107,5.899780616675567,no_hand_wash
7.134255571956523,7.786940937319345,-7.473176817391303,7.414162934511315,-4.443607323576088,7.555131133651355,no_hand_wash
2.3496160965531927,8.165890379536195,0.5858498206223403,5.714278953457242,1.5711455555606384,5.390868394012297,no_hand_wash
3.697260493276596,8.806592121992043,-6.507803154255321,2.779146296301768,-5.705968395851063,8.442525699334798,no_hand_wash
5.150090315885419,7.206503948543608,-1.9933423623958333,5.223788012872601,-0.18208381958333142,7.276314955468481,no_hand_wash
7.006541395789476,8.745984100081264,-1.6667193059652643,3.787475808687667,2.3945909712894737,4.202590774206014,no_hand_wash
7.276223863333338,5.266724037520126,-4.692152318924732,3.668512839477923,-4.660617877053764,4.694064121306854,no_hand_wash
8.022880042121209,9.96201565255851,-1.4976855522020187,3.4131700960874705,1.7949703594515147,4.861612377631032,no_hand_wash
4.546768160315788,8.540416795724155,-2.2804998204210527,7.038381452897797,-2.8755739426663167,10.00952280833203,no_hand_wash
7.575222243970836,7.26895622051143,-3.8199314101947905,3.691094618993262,-5.002135511145833,4.355486430944091,no_hand_wash
4.090882404842104,9.519320741085382,-1.2951635142105264,5.747780922229229,0.8855899838315767,4.976092885930589,no_hand_wash
4.806186837113403,10.758754569716883,-1.2157193257938148,3.406185593720013,3.6614169667628844,4.479571196922524,no_hand_wash
8.724632787575757,6.228628134209802,0.940238714747475,2.808122264602088,1.0957335412323228,1.9818277633502537,no_hand_wash
6.677264549583334,8.514365219876483,1.3027908301145834,2.9307014644672886,2.9725934864447914,4.228774369859805,no_hand_wash
9.133322266767676,7.063626522295771,-0.01596682485858584,3.210912236786369,1.0026059769494957,2.690251338258176,no_hand_wash
2.9437159987499992,10.977464579101557,-0.6698819989583336,3.6990639613442258,2.907254355312499,5.333022067573159,no_hand_wash
8.20609899919192,6.104438678854965,0.8075328475525253,2.565533321601882,2.609434273186868,2.561992926691882,no_hand_wash
4.6577835316842116,8.193833597225739,-0.8273279642147362,6.997398628574117,5.584618302105264,1.999887219665616,no_hand_wash
7.7286407378125,8.315725633759047,-0.6195616095416664,3.1252115738483535,0.5905594304166669,2.915488004187426,no_hand_wash
6.013955743092781,9.441044387158724,-1.3946544312371145,2.306348387091519,3.047254926113401,5.084035021256304,no_hand_wash
6.763353672240405,8.051178118621566,1.1829582018181817,2.873007898311394,3.7940012484979793,2.9463534080932914,no_hand_wash
3.8460142735353533,8.048102037194623,-0.03691714841414118,5.761446423487381,5.178129014646465,3.640797834019362,no_hand_wash
7.03940359094737,9.161358245280747,-1.7940461060000001,2.844954744416629,2.471609722526316,5.4856966370380285,no_hand_wash
8.625662853978493,7.891954785120501,-0.05690102012150545,3.1207948486902874,3.6186942504301074,3.9528605181479612,no_hand_wash
3.3682617340206193,10.2137974207288,-4.859556378979382,6.44542348025224,3.9748065126494847,4.672782556396537,no_hand_wash
7.536433183789471,7.822900743573917,-2.7172631103231586,2.9659706655669402,1.8867081465157902,2.917797573248838,no_hand_wash
5.699422973437499,8.402404096675888,-1.9365728673958333,3.3141559523881425,3.2079664821874996,4.246718345466543,no_hand_wash
7.019802255711343,7.6716292317661665,-3.299991249072164,3.6840457018300348,2.7083473410309273,4.7504818858143825,no_hand_wash
6.566020158298968,5.198357763265985,-4.664103035876292,2.9105725562552007,-4.532734949948451,4.923049232476944,no_hand_wash
3.6901996633673466,6.674059052740126,-5.357597600816326,2.985791348126736,4.697268694693873,7.174803611250452,no_hand_wash
6.9587043534375015,6.5362432991068795,-5.482299453125001,2.8979160718962853,-4.139803720531252,4.2719083814823025,no_hand_wash
3.0205527364893614,5.253656752608608,-6.01468389680851,1.7390219809245289,-3.6059312273404265,9.616758107855992,no_hand_wash
8.147708319896907,8.42715063425066,-3.039502001649485,2.798900540493464,0.024295853556700532,5.411373860876248,no_hand_wash
6.882886924848483,8.929939559570814,2.425912846767676,3.8826344222600753,1.28600451949495,3.316640569298171,no_hand_wash
3.5617810870707087,8.432998400012531,0.6151692019898989,6.3554701522256565,4.27379137616162,5.939788782143637,no_hand_wash
-4.713166663548387,10.773585051614115,0.5685210440860218,11.139722931338467,-2.356918114932258,4.400008906317197,no_hand_wash
-11.83548281793814,7.206159308995525,-7.620952118453608,5.735243093546353,-2.4764378444329895,4.664691566775845,no_hand_wash
-3.6697021542424237,13.624387962708033,-5.291892482727274,9.901983018126444,-5.810668234116156,6.467993502728809,no_hand_wash
1.6221492536559132,11.603394735088278,-2.2531468865591395,8.221494204185941,1.2520672930107555,7.905760561194129,no_hand_wash
1.0569898923232324,10.620616663969848,-1.0681786956767676,7.064131458828084,1.2051302699797977,6.881371577540017,no_hand_wash
1.2196573428421036,12.728699025956471,-1.7296578922105263,3.0535791155137013,1.9640798710526317,6.282368703419877,no_hand_wash
1.8428934993773212,13.476221003139035,-3.6570713809278352,3.4787568520232464,1.129115916082474,5.841336301687337,no_hand_wash
2.917657655416667,12.701589613069142,-2.579124170927084,5.3066451229390115,0.7307179599999999,6.481488036726678,no_hand_wash
3.308299093617023,12.792045476711877,-7.9095265667021275,5.886960293339323,-6.103618091170215,7.4318272533228145,no_hand_wash
7.626482952989693,14.93545957678364,-2.982478310309278,11.429961776073755,-0.07433201371134077,5.393307451275355,no_hand_wash
5.8476336974040395,13.996016456074477,-1.1590201231313144,4.964812877387031,0.8686542242727272,3.340582677839972,no_hand_wash
3.7649585943434354,13.124262167761792,-1.8831384950101016,7.401203858161781,0.9110993005929291,6.593011458017787,no_hand_wash
8.075001879090914,10.627239064611166,-1.367108622767677,5.164885372942279,0.4877372682828285,3.5534109958124023,no_hand_wash
9.571251086907218,11.874700913834031,0.47895451824742324,7.4770572432331,1.7556233788659794,5.308081430574124,no_hand_wash
5.187752447340426,12.072180272849215,-4.162123539904255,4.465181305772964,-2.190372723191489,8.863800613501411,no_hand_wash
2.4145062834343447,15.868550768138164,1.4002880345454545,8.695676029545183,0.8614086883434345,5.507351533224298,no_hand_wash
3.649945268301076,15.403071750286745,-3.9412750878494633,8.79402805200521,-1.4579488431182792,5.356502734984181,no_hand_wash
5.69167914676768,7.656725940779837,-2.182395016762626,5.895875970499754,1.1431742937575757,3.803211861279897,no_hand_wash
5.476272616666668,13.488413552892233,-2.444601273030303,10.383306454586142,3.3479832877777755,6.680133494244384,no_hand_wash
6.388799255252526,13.67016260412621,0.5932633093101011,10.550371879922734,1.1996991088484843,10.501141743201128,no_hand_wash
5.920921420425533,12.04675739128622,-3.156279041503191,5.485384369161595,1.0397187399574472,6.671094185649072,no_hand_wash
-0.9394524282323236,10.940296081112034,-0.8754279516666666,9.282696378341928,7.257441309191919,6.426807600029902,no_hand_wash
2.0074134072323226,9.76271588567396,1.5298610660606056,14.015159799799655,1.468437335767677,7.257868274251158,no_hand_wash
0.9894203854736844,12.400030605303353,-0.1823618121052615,5.8134666373759325,-1.143067219908421,6.653314744816622,no_hand_wash
7.073097475757576,10.692930018568642,0.12310156969697018,5.682434708284812,3.205987654080806,4.450939099986079,no_hand_wash
4.6622441722222225,11.54456825574362,0.46094446350505025,11.018428599967386,1.4111261245454545,10.476210246747025,no_hand_wash
1.2953148508421068,12.082307018525924,1.4743865825242106,6.900629746435322,1.9667144132210566,6.264794823992523,no_hand_wash
2.476801057474747,13.122716165159796,0.8584693605353532,5.833332167273557,-2.0940454120101,7.258304468266596,no_hand_wash
4.208412211818179,14.755156357870026,-2.0075827181414145,8.557000455736185,0.7411980611111112,4.092828536654689,no_hand_wash
3.7304084715957413,17.29582769616472,-2.118789704106383,10.124421295596132,-0.5633264246574469,7.764835403589434,no_hand_wash
6.888878603969077,13.408164884451832,-1.6485882496597937,9.076042022222483,-0.8094549060515461,7.8433101103191785,no_hand_wash
8.935484652577317,13.073704403366527,-2.5390540565979385,11.831787754711494,-0.9124530818144344,9.196749609910693,no_hand_wash
2.6149017349494934,15.321395860467671,1.442442856161616,8.49550386583368,3.9022851829292926,7.636859288625148,no_hand_wash
1.25143399191919,16.865184377670484,4.236475041111111,12.753754899422669,4.403654676545455,5.254666856737096,no_hand_wash
2.003820842020203,17.069419423070645,0.6263097107070705,13.319000115152766,4.164019645151515,7.393120008343445,no_hand_wash
3.8115727425263133,14.542417142414408,-2.7479949874736844,5.431290791853277,1.100019854631579,7.322675547770947,no_hand_wash
5.449768160752577,13.765898295839307,-1.694920787195877,10.372837749314442,-2.9436641946391773,9.645495946067294,no_hand_wash
-1.3952963918556707,12.498008828915124,-2.3436747314536084,16.577231015093467,7.460152475216495,6.540920512874397,no_hand_wash
-6.016002197291667,7.434353621604685,-4.313242948062495,17.248456571831383,2.2706780997395852,11.081654814717355,no_hand_wash
-2.801606331182795,14.418067200230384,1.5300698846236578,11.70040670541117,3.9184708331397875,11.953174154000962,no_hand_wash
-4.814127927221055,12.267709313472773,-3.5373303682105304,12.96422749049361,3.6032186734421052,9.24046115057532,no_hand_wash
0.22261586404040365,11.621952755153153,6.666839251919192,7.825441411015685,1.5588674036030308,8.36880415652048,no_hand_wash
2.7878995249494976,13.995132212800074,-1.4362375887878789,6.238956218654379,4.717716721616163,5.7686092175135,no_hand_wash
3.9640471666315773,11.663085762944132,-0.18765610684210507,5.30630578955421,-1.7896972679999985,6.62960135870483,no_hand_wash
5.02215839498969,14.457780084453766,-1.5944163713402058,6.167763749595891,-5.368325191484538,10.1199565337616,no_hand_wash
7.1948756796875,10.687176371487844,-4.258294818854169,7.64477489827908,0.887030408020833,4.0169595246276835,no_hand_wash
5.297987030638297,7.476018295345091,-2.918522397021277,5.884341879500532,5.238200727234041,13.173269751858925,no_hand_wash
6.154982549090913,7.332065992698491,-0.09000675898989888,6.334400676830108,2.987363518434343,7.813925682280835,no_hand_wash
4.991321516405264,6.4943729104163594,-1.3751320019999993,11.561130546824018,-2.4457813287368437,8.375949174914776,no_hand_wash
2.4860181898989895,11.879619671641194,1.220165689689899,4.878892518403359,3.6666055920606064,6.514810208213872,no_hand_wash
4.407972950676767,9.536257957549077,0.09918764151717067,7.293921224730924,2.23676678569697,5.672062148889381,no_hand_wash
6.907296870202022,17.042636028320228,0.8153347995959597,5.8443170252867045,-3.1255488633333335,5.376803306822813,no_hand_wash
4.229864839673913,8.617414784684026,-5.673866350717395,6.5138861651631,1.7452402949565233,3.1861902602427814,no_hand_wash
6.6104838562626265,10.032066498728668,0.00939861995959609,5.030568331485179,2.710460542797979,5.2078053142566,no_hand_wash
1.8733843210526313,13.458705549163403,3.2432471237894736,6.806271316706283,-1.644596885908421,5.8271426497210115,no_hand_wash
4.895691522422681,11.004167973485593,-5.627505829072162,8.50802418602423,1.7142414044845367,5.4607352697817815,no_hand_wash
8.115801881717175,16.26575133212222,3.767329389797978,10.27928533522913,1.1274856936565663,6.198225271511393,no_hand_wash
2.534148388585858,14.666940743723089,-2.773384204404041,9.014933739209196,2.3177378023232333,7.191631005364252,no_hand_wash
0.9719367120315798,12.769137947781102,-6.898815876526315,13.058548368400412,-2.687148911894737,7.329818925567201,no_hand_wash
3.369877222222222,14.814815571731362,-0.15452714672727175,8.437869057391913,2.157537632484849,6.23385212462883,no_hand_wash
3.2762102954736836,19.22205654139144,-1.002277860010527,6.383176673057784,2.579637706505263,5.602986830039296,no_hand_wash
4.635248477395835,17.064413900620373,-2.6412324453125,8.457377636379746,5.248373423312499,9.642720445024132,no_hand_wash
3.5769370693814446,17.27137957211661,-3.309805873268044,10.350199390628152,3.7266380435670117,12.10198462333396,no_hand_wash
6.140830082474226,17.78082425611647,-1.0409816668041239,7.112755686827214,4.705275100103093,7.077246321955408,no_hand_wash
-0.00877761505154639,8.991847633534281,-1.2704590976288663,8.62825027270197,5.506754826010309,9.225450489317867,no_hand_wash
4.981091776041665,12.670699313526251,-2.338175243562501,11.059440793675972,3.364603298999999,6.812665697408864,no_hand_wash
7.756752166525775,13.377041032976413,-0.35124073886597873,7.4276842758614645,1.9344721425360831,4.717349979546562,no_hand_wash
2.035609335467676,12.534729878348882,0.6728916211111109,14.368376001703538,1.5376267249494948,13.337431582809371,no_hand_wash
4.424849590319153,12.85967670956439,-0.8904504412765958,9.7668082525751,1.7251019958936176,4.668459095927875,no_hand_wash
4.336793974062499,15.599005243643777,-1.680280870458333,13.164802879303574,0.7736661207604163,9.29485822714391,no_hand_wash
-3.3157109905222217,20.80576476440163,7.041853435959596,17.22254667027074,2.4272313749494945,10.772855353742052,no_hand_wash
2.134107574848483,19.695824077304426,7.043438013636363,16.77584064129602,2.9816178394949486,10.114375492981564,no_hand_wash
4.104566627978723,18.451579510079867,0.11892299147872386,15.127149591397355,-0.20332188372340457,9.313911314232538,no_hand_wash
-0.8178386888888916,23.278343313307417,4.8176664795959585,15.32941386543958,0.4631338246464647,15.535832142948678,no_hand_wash
3.3294763773737386,22.249700564907485,2.7486236212121224,15.86137974638385,0.8903303328181817,14.253398961793234,no_hand_wash
0.4575873152631591,16.373293938102968,-2.034405226631579,10.907628430812617,1.474437086421052,11.82033533644688,no_hand_wash
-7.491052437373735,23.691699040585355,6.1600386676767656,20.836823787131358,0.38056624252525373,14.663446487182755,no_hand_wash
-4.612940746161615,18.446605296114583,3.4657385056565686,18.95390581139127,-0.3484632839030303,15.475969926127709,no_hand_wash
-5.203216232828285,12.481302291500876,0.23479658797979797,21.194680224042706,-2.8430938077777776,10.49325996241553,no_hand_wash
-7.142129705959593,12.21781096490044,-3.7736072898989894,16.21250943561133,0.013910456969696686,8.797027134389687,no_hand_wash
-12.378924473939394,14.575121564237756,-3.1587647036383846,12.468795821159874,2.2938965109090894,11.84983041265022,no_hand_wash
-7.140568474673912,10.076458881161267,-3.8585977303260877,9.733493680049317,4.014833739130435,7.54477756383184,no_hand_wash
2.2667045269696966,11.732904532717624,0.7550117783131316,18.492465932944565,0.07749944626262643,7.299566780997572,no_hand_wash
2.6718015897272727,8.072019473258242,-4.143153985656565,14.542616718169457,2.950397953750504,5.740530357649509,no_hand_wash
4.477922162446809,6.32568484162575,3.6405316339361704,8.754206393065676,3.0254319874468085,5.585169964098405,no_hand_wash
-0.15120070363636443,11.517200025250936,-0.8659204930000004,10.90447551460429,4.251643488636363,6.786154939948107,no_hand_wash
3.507288436363637,17.351070972910495,-0.45184825434343356,10.643071323690661,4.285706067070707,9.150314209675464,no_hand_wash
1.7881684270652176,15.211510591931109,-3.570531603043479,8.072565238247908,4.732675734130436,7.852897549857546,no_hand_wash
-8.595564605010305,13.604701237465582,-5.309523753092786,19.14767497838233,-5.227599211546392,9.559760358061547,no_hand_wash
-1.1668235901041661,11.094034201235159,-3.924314387885417,16.268044333899606,-4.153562626458334,9.839893716060898,no_hand_wash
-2.5450711788888896,17.910240320724085,-2.0722362130303025,9.000284312171729,2.286844418030302,11.825507130625232,no_hand_wash
2.4931306494949497,12.94832437847723,4.729316922121212,10.141356839408653,2.6828935974545454,8.49095489834247,no_hand_wash
3.2118094394736834,9.467826760600504,2.0509435629473667,18.5603951835885,-4.898293933578947,15.081443058688365,no_hand_wash
3.087978495606059,7.932618126735858,-0.9003458820202022,14.880539094181193,1.7002581914141413,14.09912739464864,no_hand_wash
0.8987613267676771,17.30069842954949,-0.4012866913131313,10.33102673545582,6.202495795959592,7.392864730017033,no_hand_wash
5.93092547874737,15.175413897489763,-3.2446085842526324,6.811038283897758,2.106760003005263,4.885206994002337,no_hand_wash
1.8841194461458344,12.740725624273821,-1.416753853854167,7.934451388156846,4.383933545520833,5.370572657759779,no_hand_wash
3.0747185943020843,13.248009406535944,3.5202920108333338,13.283271109709222,-0.39793498249999987,7.541017523414549,no_hand_wash
-0.8661987555555549,16.270491644112568,0.43153894777777785,12.684467628380595,-1.895911974242426,10.312406636117316,no_hand_wash
2.3655413815151514,15.985122837096222,-1.5898091113131312,9.755376103673676,2.696126743333334,4.573451106277542,no_hand_wash
-0.32990766736841987,13.01893354978111,-1.7712808418947361,9.932991805370488,5.687755371421053,9.583186779918284,no_hand_wash
-4.01873391949495,12.937365320730672,-1.9749113305151516,11.213710245219078,4.559657485676767,10.447439045166824,no_hand_wash
-3.7869009258585864,11.644556279889674,-2.804096128383838,15.552374587721372,2.68236133479798,10.165974318052815,no_hand_wash
-1.1214739479797977,16.756964828394285,0.7449479344444433,16.919228321144107,1.876594606323232,10.063921072040987,no_hand_wash
4.816878876956522,15.760807021451004,-0.14297230510869588,12.112050707328873,4.38051676423913,9.985156788122008,no_hand_wash
4.652857614141416,8.453401179865006,-2.704448766161616,8.789407400717678,5.240919644040406,5.176011426459662,no_hand_wash
-1.0578376742708329,15.727619722510566,2.3528197771875,8.40787873650781,2.8696949375000003,4.787974434958312,no_hand_wash
4.56504894516129,17.671494261868173,-4.195275884236558,7.952066582840897,3.1144009803225794,5.795503532316531,no_hand_wash
1.7531180515151519,12.496515062389657,-3.2141524909848496,6.7855756615132865,5.306117374747474,3.0117377587137755,no_hand_wash
-0.033058540101009636,17.67499325057839,1.4459627734343439,10.84422190564951,2.620756140252525,8.211761864653441,no_hand_wash
3.5545476472727273,6.782695404778438,-2.7380032304545456,6.661576515981464,6.734432037777779,4.713468149788274,no_hand_wash
0.5372570494946246,12.383344516283172,-3.578802944043011,10.363311795226636,-0.24972585489247354,5.612944865358751,no_hand_wash
-6.701511914021738,10.22996224419944,-8.65315350445652,5.032445120461442,-1.3126789462934787,4.2318247938556555,no_hand_wash
6.167526074242424,14.449969177929946,-0.9529879542424242,10.373440835792453,0.071487722858586,9.213484171258626,no_hand_wash
-1.461697842291666,15.95940058458895,3.163246989062499,12.660964768413512,0.7038363209375006,9.096641335964009,no_hand_wash
2.910226954646464,17.010491135715018,0.9470972493939401,16.911317068123367,-1.1100310715151516,9.680239661490564,no_hand_wash
3.1881338059595943,18.96522281952934,-1.0639693089292925,8.307225707211577,-0.5340772199494952,8.06707391445474,no_hand_wash
3.4678244631578963,18.71151156406529,-1.3544843791578947,12.475152676941553,-1.6597989595789466,10.135539440172996,no_hand_wash
2.550769814639171,17.63705598879544,-0.9460327197938142,13.718222190568081,-2.0856916341237115,13.137568114161608,no_hand_wash
3.473651511354164,15.247963398535248,-2.4515270523822914,11.28239373959722,-2.659507055520834,13.444080575876145,no_hand_wash
2.4951659616494855,13.893678903823435,-2.4579690681443296,8.827361748194926,-2.163505142938144,11.00969405482686,no_hand_wash
-0.7289466095343754,14.662811565866576,0.4357688122135419,8.660122026113589,-1.3337889231249989,12.078934735420745,no_hand_wash
2.016032563072915,17.255528199098887,-2.053317636041667,6.6966497387895245,-0.6262102725312486,6.666099420444619,no_hand_wash
-1.4090576763636393,23.87962097100337,-1.1026766727606059,7.340158765240345,0.962882515858586,9.40505927582044,no_hand_wash
-1.2303625660606061,20.612948274284125,-2.281727819717171,11.018435816694522,1.6286495658383837,7.797724730412816,no_hand_wash
4.376375858617019,13.653771482728036,-4.001045742446807,9.813923198402938,1.1352519794680853,7.271018671264571,no_hand_wash
5.304519196458336,8.910232960467214,-3.5312068499791684,13.245954262131942,4.996983680554163,8.490635254427755,no_hand_wash
0.13892359972916674,7.477287456996151,-5.746250605798958,10.502776944841212,2.049138778333333,5.344207595072166,no_hand_wash
3.83269653979798,8.52825303285106,-4.594228055101011,12.097160324723136,0.3437457863636361,3.647001280264714,no_hand_wash
2.7451431063440883,13.275028144542047,-6.2509752073118285,5.6899309763040335,-2.1477272904838713,6.945395018010924,no_hand_wash
5.17680870597826,9.63436545013412,-6.390784176413042,11.059661644374065,-3.377888677920651,6.83917136274162,no_hand_wash
0.6262976657291662,14.420810249537556,-2.485381682291666,8.677588161216699,1.8559280644927079,7.745300897098418,no_hand_wash
3.3369758544444457,13.90134240732296,-3.247477159797979,9.463870576762863,4.346609683101012,5.296446104015907,no_hand_wash
2.5453996594845365,12.177314165977698,-4.712188587288658,11.392605461937421,2.5484489079587633,6.4109086200653245,no_hand_wash
3.209438474895834,14.867967237320652,0.8359990987499994,11.704991667593307,2.2856594717010412,8.016095274378982,no_hand_wash
6.3300124465656555,13.677009433349909,-1.8940129224646474,9.174445076894367,3.406213693360608,4.99712383646496,no_hand_wash
5.165832531145831,12.871097593534419,-4.023083920927083,14.720533595407105,0.46817639745833456,6.903047200704322,no_hand_wash
5.817275562526316,14.523462755779569,-1.3618081059684204,9.484547511109335,3.673090182105263,6.2337857614344845,no_hand_wash
7.032357961401008,15.974599928370928,1.6883436189898988,10.728015396258465,3.4579001810101007,6.4777564511203165,no_hand_wash
4.268360306969695,15.946363404523744,1.2814684661616162,10.982020200388597,4.624347257848484,8.819640802288413,no_hand_wash
-1.160132928040404,20.025562935247837,3.4671294560606056,13.23442308389446,1.0911128715252534,8.412272846717853,no_hand_wash
2.47074079979798,13.901429046616736,-5.54670798040404,13.420579187356847,2.85782681000707,8.128834649539087,no_hand_wash
6.365453817575757,14.376661876618373,-0.2293049258585864,8.768465049351182,5.201619513794952,9.13038099633395,no_hand_wash
3.220248416483517,16.269541919204553,-3.25764767687912,11.994866496702247,5.51278237523077,12.884352830536196,no_hand_wash
0.5288034618181818,19.67899630750149,-4.856797239131314,8.935408506059318,3.758825890464647,8.396073305239165,no_hand_wash
0.3162031188888892,19.324523266664954,-2.5471637855555556,8.213793979710115,3.7448791665959593,8.684165518597913,no_hand_wash
-3.0876155883838377,12.80457338586456,-2.635319819494949,9.545350355855307,7.916108067878789,14.889031837541175,no_hand_wash
0.9202480040425526,12.856421816501983,-1.7688874943829793,11.139050944522557,4.068768768617022,9.56742218498091,no_hand_wash
1.1042274475257743,9.978277399327663,-6.738029454639173,7.209911802329504,6.771646087216492,11.949182311163788,no_hand_wash
3.514433685806453,10.196216302862442,-4.4385248927957,9.268630373414544,1.9063325335483863,8.813023838970643,no_hand_wash
4.082718461138299,6.625749612029086,-5.230837330393618,10.67266611641649,7.306325577446809,8.115147498411105,no_hand_wash
0.8244052142268036,9.593869581794749,-4.870691952257732,10.391417402337806,3.256473539680415,6.810515941126211,no_hand_wash
-0.8908746807777776,13.626822339808486,-4.444478864646464,11.067538469260878,0.7816957037070706,6.0932565835191275,no_hand_wash
5.848262674747472,13.91885678190022,0.5042967319191919,11.49343291527108,1.810634773838384,4.369046209527538,no_hand_wash
1.6117756141414146,13.877644666840206,2.8195428035858594,14.070333471438834,6.610604668040404,7.774577840088138,no_hand_wash
-1.6434309914141414,17.30011144652354,4.6549866343434365,14.337250549689779,3.835418131303031,6.848309932398528,no_hand_wash
0.7959206767676759,19.08749725508821,4.015189696626263,13.278195307597379,5.165137771515149,8.790214690155068,no_hand_wash
-7.263864470202015,17.443478515933183,-3.0710803933333315,16.512997857794115,3.4556261466666687,11.176677007915066,no_hand_wash
4.360810500815153,11.317884860546743,-2.0665147762323226,13.816132280697191,1.293866944444444,6.557638877552197,no_hand_wash
2.0781584958888883,11.964565035643195,-1.7014484817222215,12.822621395437379,1.2689611767333333,8.019743056358706,no_hand_wash
1.8281358763124969,9.251741831443084,-0.12225822773958345,5.463135662981084,6.677389277916665,3.4859292106220012,no_hand_wash
7.507019361717173,9.568607346367322,-1.4835089363636365,7.641558684730294,1.9850478701010106,7.398060177107396,no_hand_wash
4.544050623020834,14.423585920971727,-2.319164745104167,9.559597611757031,2.6136648439583343,6.25579568532389,no_hand_wash
-0.5858242156565653,18.095385545021877,2.0373753717373733,13.42866473014339,1.3364451236363635,5.993103379619794,no_hand_wash
1.8916178638383827,17.7104918771108,-1.194255921121212,11.479463839426256,3.759249256595959,4.495778578368916,no_hand_wash
-3.2630447813131327,19.120401615217986,-3.007757445181818,9.011688578457814,2.6060111021212125,6.367708534643392,no_hand_wash
5.089803615424242,16.671514913501923,-1.012669907515152,9.625444699759427,2.9109648502525247,7.903079022289916,no_hand_wash
7.2776661266666665,16.816948749776092,-0.8143864859999995,12.009318932355274,0.9281898033333336,9.457943933143746,no_hand_wash
9.212986930303027,19.650353420943045,3.2905995442424247,13.54447980313197,2.2185138292929296,10.468132808867388,no_hand_wash
5.281055888947368,20.024696018495,5.630753938631579,13.896029022041379,6.324225499473686,12.508994154345316,no_hand_wash
8.309508184848484,19.464777626695607,5.6877722927676775,15.980015634793824,4.532901023737375,13.49166504814802,no_hand_wash
-8.099871334343433,22.146170145289073,7.194795961212119,21.674226547943388,5.072989993030303,15.529033846085028,no_hand_wash
3.048001110101007,22.922811297924845,3.850501985757575,16.524869472502363,4.3644997400878776,14.223465834618594,no_hand_wash
6.806365318085107,18.8548777517773,3.110659051595744,15.497234719938373,4.830869040957449,9.942642184391913,no_hand_wash
9.273237410101013,18.495913856273926,2.1297650409494953,11.923579287900608,2.8204983425252528,9.702363484362444,no_hand_wash
-3.598069304242423,23.46463860429796,-0.7764700910505047,23.293677312232226,-5.837364278484847,20.864178878731064,no_hand_wash
6.949340259148938,16.210852377617957,-8.433908373936168,12.785231308776652,1.2235110447872328,7.728725657254378,no_hand_wash
-0.7238281147878787,21.35695057377787,0.1613614878787874,20.008824304762506,3.4305267701010096,11.65071200279214,no_hand_wash
5.53323885088421,14.328041099301556,1.9298816378631596,15.547365199857852,-0.020017318705263396,7.301155824642949,no_hand_wash
7.636181085858589,12.836038430775966,4.101954789494949,12.189793505003824,4.45928443818182,8.174823821662764,no_hand_wash
1.154762277181819,20.57212947957915,13.743347939393939,17.46419465045727,5.574226501414137,13.963414213373948,no_hand_wash
4.05523944319149,18.31533581448818,4.166200110425531,16.059835929387987,2.329742474787234,10.986047176843346,no_hand_wash
-0.9070333971701035,2.7275936746903593,-3.3211266721649504,7.026221248999049,8.301594464948455,3.7622870473772236,no_hand_wash
